import_id,source_page,title,theme,category,level,duration,organisation,deroulement,variantes,schema_images
cahier-t1-001,10,Chasse ballon,Échauffement,Échauffement Ludique,Tous niveaux,8-12 min,Une balle par joueur,"[""Les joueurs jouent dans une zone délimitée"", ""L’objectif est de pousser le ballon en dehors des limites"", ""Quand le ballon sort soit avant de revenir le joueur doit aller mettre un panier de l’autre côté soit le joueur est éliminé""]","[""Changer la règle avant de revenir dans le jeu (nombre de tir, zone de tir…)""]","[""schemas/exo_001_p10_chasse-ballon.png""]"
cahier-t1-002,10,Air passe à 10,Échauffement,Échauffement Ludique,Tous niveaux,8-12 min,2 équipes sur un demi terrain,"[""Passe à 10 sans ballon"", ""Pour passer la balle, il faut appeler un partenaire"", ""Pour marquer un point il faut faire 10 passes"", ""Chaque fois qu’un joueur est touché, l’équipe adverse récupère le ballon""]","[""Mettre un vrai ballon""]","[""schemas/exo_002_p10_air-passe-a-10.png""]"
cahier-t1-003,10,Escrime,Échauffement,Échauffement Ludique,Tous niveaux,8-12 min,Par 2,"[""Les joueurs restent entre les plots"", ""L’objectif est de toucher une partie du corps de l’adversaire""]","[""Rajouter un ballon par joueur""]","[""schemas/exo_003_p10_escrime.png""]"
cahier-t1-004,10,Chat autour du rond,Échauffement,Échauffement Ludique,Tous niveaux,8-12 min,1 ballon par groupe de 2,"[""A1 démarre avec le ballon"", ""D1 doit toucher A1 en tournant autour du rond.. Il peut également passer de Nord/Sud ou Est/Ouest""]","[""Mettre un ballon par joueur""]","[""schemas/exo_004_p10_chat-autour-du-rond.png""]"
cahier-t1-005,11,Toro,Échauffement,Échauffement Ludique,Tous niveaux,8-12 min,1 ballon pour 4 joueurs,"[""Les joueurs restent derrière leur plot"", ""Ils doivent se faire des passes sans que le défenseur (« Toro ») touche le ballon"", ""Lorsque le « Toro » touche le ballon, il prend la place de l’attaquant ayant fait la passe""]","[""Rajouter des joueurs, interdire les passes aux joueurs d’à côté. Obligation de faire à minimum 2 passes""]","[""schemas/exo_005_p11_toro.png""]"
cahier-t1-006,11,Jeu des portes,Échauffement,Échauffement Ludique,Tous niveaux,8-12 min,2 équipes / 1 ballon / 4 portes,"[""L’équipe en possession de la balle doit aller aplatir le ballon entre les portes"", ""Elle ne peut se déplacer qu’en passes"", ""Règles basket (fautes, marcher…)""]","[""Ouvrir les 4 portes aux 2 équipes"", ""Pas de retour en zone"", ""On ne peut pas marquer deux fois d’affilé sur la même porte""]","[""schemas/exo_006_p11_jeu-des-portes.png""]"
cahier-t1-007,11,Déménageur,Échauffement,Échauffement Ludique,Tous niveaux,8-12 min,Un ballon par joueur,"[""Les joueurs doivent se déplacer en dribble"", ""Ils doivent changer de panier entre chaque tir"", ""Quand un joueur marque, il récupère le plot sur lequel il a tiré et le ramène dans son camp en dribblant.""]",[],"[""schemas/exo_007_p11_demenageur.png""]"
cahier-t1-008,11,loup collé,Échauffement,Échauffement Ludique,Tous niveaux,8-12 min,1 ballon / 2 loups,"[""2 joueurs commencent en étant loup"", ""Ils ne peuvent se déplacer qu’en passes"", ""Règles basket (fautes, marcher…)"", ""Ils doivent toucher les autres joueurs avec le ballon en le tenant dans leur main"", ""Les autres joueurs peuvent se percher s’ils se collent par 2. Si un troisième joueur vient se coller, le joueur à l’autre extrémité n’est plus protégé.""]","[""Donner des ballons à tout ceux qui ne sont pas loup""]","[""schemas/exo_008_p11_loup-colle.png""]"
cahier-t1-009,12,Air foot us,Échauffement,Échauffement Ludique,Tous niveaux,8-12 min,2 équipes sur tout le terrain,"[""Football sans ballon"", ""Pour passer la balle, il faut appeler un partenaire"", ""Pour marquer un point il faut rentrer dans le demi cercle en étant en possession de la balle"", ""Chaque fois qu’un joueur est touché, l’équipe adverse récupère le ballon""]","[""Mettre un vrai ballon""]","[""schemas/exo_009_p12_air-foot-us.png""]"
cahier-t1-010,12,Epervier,Échauffement,Échauffement Ludique,Tous niveaux,8-12 min,Tous les joueurs sont alignés sur la ligne de fond d’un côté (avec ou sans ballon),"[""Les joueurs jouent dans une zone délimitée"", ""L’objectif est de toucher le joueur ou de pousser le ballon en dehors des limites"", ""Quand les joueurs sont touchés ou sortent du terrain, ils deviennent loup.""]","[""Remettre des ballons à tous les joueurs""]","[""schemas/exo_010_p12_epervier.png""]"
cahier-t1-011,12,pacman,Échauffement,Échauffement Ludique,Tous niveaux,8-12 min,Tous les joueurs se placent sur une ligne pleine,"[""Les joueurs peuvent se déplacer sur toutes les lignes du terrain"", ""Ils ne peuvent pas sauter d’une ligne à l’autre"", ""Deux défenseurs sans ballon ont pour but de toucher les attaquants"", ""Lorsque l’attaquant est touché, il reste immobile à l’endroit qu’il a été touché et représente un mur""]","[""Remettre des ballons à tous les joueurs""]","[""schemas/exo_011_p12_pacman.png""]"
cahier-t1-012,12,Loup,Échauffement,Échauffement Ludique,Tous niveaux,8-12 min,1 ballon / des (2) loups,"[""Des joueurs commencent en étant loup"", ""Ils ne peuvent se déplacer qu’en passes"", ""Règles basket (fautes, marcher…)"", ""Ils doivent toucher les autres joueurs avec le ballon en le tenant dans leur main""]","[""Donner des ballons à tout ceux qui ne sont pas loup""]","[""schemas/exo_012_p12_loup.png""]"
cahier-t1-013,13,Fontaine horizontale,Échauffement,Échauffement Fontaine,Tous niveaux,8-12 min,1 ballon par joueur / répartir les joueurs en file indienne,"[""Le premier joueur n’a pas de ballon, il curl pour recevoir le ballon"", ""1 passe à 4 puis effectue le même mouvement à l’opposé""]","[""Les finitions, les déplacements, les départs…""]","[""schemas/exo_013_p13_fontaine-horizontale.png""]"
cahier-t1-014,13,Fontaine verticale,Échauffement,Échauffement Fontaine,Tous niveaux,8-12 min,1 ballon par joueur / répartir les joueurs en file indienne,"[""Le premier joueur n’a pas de ballon, il descend sous le cercle puis ressort à 45°"", ""2 passe à 1 puis effectue le même mouvement à l’opposé""]","[""Les arrêts, les départs, les finitions, Fontaine Fond, Fontaine Milieu""]","[""schemas/exo_014_p13_fontaine-verticale.png""]"
cahier-t1-015,13,Fontaine fond,Échauffement,Échauffement Fontaine,Tous niveaux,8-12 min,1 ballon par joueur / répartir les joueurs en file indienne,"[""1 se démarque, 2 passe à 1 qui attrape et attaque la ligne de fond"", ""2 équilibre derrière 1 (passe de secours) ,1 passe à 2"", ""2 tire puis coupe pour aller recevoir le ballon de 3 45° opposé""]","[""Fontaine Milieu""]","[""schemas/exo_015_p13_fontaine-fond.png""]"
cahier-t1-016,13,Fontaine milieu,Échauffement,Échauffement Fontaine,Tous niveaux,8-12 min,1 ballon par joueur / répartir les joueurs en file indienne,"[""1 se démarque, 2 passe à 1 qui attrape et attaque le milieu"", ""2 suit le mouvement du ballon et va à 45° ,1 passe à 2"", ""2 tire puis se démarque pour recevoir le ballon de 3 à 45°""]","[""Fontaine Fond""]","[""schemas/exo_016_p13_fontaine-milieu.png""]"
cahier-t1-017,14,Fontaine diagonale,Échauffement,Échauffement Fontaine,Tous niveaux,8-12 min,1 ballon par joueur / répartir les joueurs en file indienne,"[""Le premier joueur n’a pas de ballon, il part de 45° coupe pour aller poste bas opposé, 2 se décale pour ouvrir l’angle de passe"", ""2 passe à 1 puis effectue le même mouvement à l’opposé, 1 reçoit et tir""]","[""Les arrêts, les départs, les finitions, Fontaine Fond, Fontaine Milieu""]","[""schemas/exo_017_p14_fontaine-diagonale.png""]"
cahier-t1-018,14,Fontaine flare,Échauffement,Échauffement Fontaine,Tous niveaux,8-12 min,1 ballon par joueur / répartir les joueurs en file indienne,"[""Le premier joueur n’a pas de ballon, il s’écarte comme sur un flare (tourner la tête pour voir le ballon)"", ""2 passe à 1 puis effectue le même mouvement à l’opposé""]","[""Les arrêts, les départs, les finitions""]","[""schemas/exo_018_p14_fontaine-flare.png""]"
cahier-t1-019,14,Fontaine écran non porteur à 2,Échauffement,Échauffement Fontaine,Confirmé,8-12 min,Ballons dans la colonnes du milieu (sauf le premier / répartir les joueurs en 3 colonnes,"[""3 va poser écran pour 2 puis prend sa place"", ""2 profite de l’écran, reçoit le ballon de 4 pour tirer"", ""4 va poser écran pour 1 puis reprend sa place"", ""1 profite de l’écran, reçoit le ballon de 5 pour tirer""]","[""Les finitions, les lectures (cure, flair…)""]","[""schemas/exo_019_p14_fontaine-ecran-non-porteur-a-2.png""]"
cahier-t1-020,15,Fontaine Milieu à 2 ext,Échauffement,Échauffement Fontaine,Tous niveaux,8-12 min,1 ballon par joueur / répartir les joueurs en file indienne + 1 joueur sur les deux spots 45°,"[""1 se démarque, 2 passe à 1 qui attrape et attaque le milieu"", ""2 va prendre la place de 1, 5 descend corner pour recevoir de 1"", ""1 après sa passe se replace pour recevoir de 5 et tirer"", ""5 après sa passe se démarque et reproduit le même mouvement""]","[""Fontaine Fond à 2 extérieur""]","[""schemas/exo_020_p15_fontaine-milieu-a-2-ext.png""]"
cahier-t1-021,15,Fontaine fond à 2 ext,Échauffement,Échauffement Fontaine,Tous niveaux,8-12 min,1 ballon par joueur / répartir les joueurs en file indienne + 1 joueur sur les deux spots 45°,"[""1 se démarque, 2 passe à 1 qui attrape et attaque la ligne de fond"", ""2 va prendre la place de 1, 5 descend corner pour recevoir de 1 et tirer"", ""1 prend le rebond et se place dans la file"", ""5 après son tir, se démarque et reproduit le même mouvement""]","[""Fontaine Milieu à 2 extérieur""]","[""schemas/exo_021_p15_fontaine-fond-a-2-ext.png""]"
cahier-t1-022,16,Fontaine Milieu à 1 ext & 1 int,Échauffement,Échauffement Fontaine,Tous niveaux,8-12 min,"1 ballon par joueur / répartir les joueurs en file indienne + 1 joueur sur le spot 45°, et un dernier petit corner","[""1 se démarque, 2 passe à 1 qui attrape et attaque le milieu, pour passer à 5 qui aura couper ligne de fond"", ""2 va prendre le spot 45° opposé, 1 prend le petit corner du côté où il a attaqué"", ""3 passe à 2 qui attrape et attaque le milieu, pour passer à 1 qui aura couper ligne de fond""]","[""Fontaine fond à 1 ext & 1 int""]","[""schemas/exo_022_p16_fontaine-milieu-a-1-ext-1-int.png""]"
cahier-t1-023,16,Fontaine fond à 1 ext & 1 int,Échauffement,Échauffement Fontaine,Tous niveaux,8-12 min,"1 ballon par joueur / répartir les joueurs en file indienne + 1 joueur sur le spot 45°, et un dernier petit corner","[""1 se démarque, 2 passe à 1 qui attrape et attaque la ligne de fond pour passer à 5 qui aura couper coeur raquette"", ""2 va prendre le spot 45° opposé, 1 prend le petit corner du côté où il a attaqué"", ""3 passe à 2 qui attrape et attaque le milieu pour passer à 1 qui aura coupé coeur raquette""]","[""Fontaine milieu à 1 ext & 1 int""]","[""schemas/exo_023_p16_fontaine-fond-a-1-ext-1-int.png""]"
cahier-t1-024,17,5 passes,Échauffement,Échauffement,Tous niveaux,8-12 min,Ligne de 3 avec 1 ballon par groupe,"[""Passe de 1 à 2"", ""Retour de passe de 2 à 1"", ""Passe de 1 à 3"", ""Retour de passe de 3 à 1"", ""Passe de 1 à 2""]","[""4 passes""]","[""schemas/exo_024_p17_5-passes.png""]"
cahier-t1-025,17,4 passes,Échauffement,Échauffement,Tous niveaux,8-12 min,Ligne de 3 avec 1 ballon par groupe,"[""Passe de 1 à 2"", ""Retour de passe de 2 à 1"", ""Passe de 1 à 3"", ""Passe diagonale de 3 à 2""]","[""3 passes""]","[""schemas/exo_025_p17_4-passes.png""]"
cahier-t1-026,17,3 passes,Échauffement,Échauffement,Tous niveaux,8-12 min,Ligne de 3 avec 1 ballon par groupe,"[""Passe de 1 à 2"", ""Retour de passe de 2 à 1"", ""Passe longue de 1 à 3""]","[""3 v 1""]","[""schemas/exo_026_p17_3-passes.png""]"
cahier-t1-027,17,3 v 1,Échauffement,Échauffement,Tous niveaux,8-12 min,Travail tout terrain / 1 ballon / Ligne de 3,"[""3vs1 en vague"", ""Les joueurs en attente sont placés corner""]","[""Faire la même chose à 3 v 2""]","[""schemas/exo_027_p17_3-v-1.png""]"
cahier-t1-028,18,Criss cross,Échauffement,Échauffement,Tous niveaux,8-12 min,Groupe de 3 / 1 ballon,"[""7 Passe à 1 puis passe derrière lui"", ""1 Passe à 4 puis passe derrière lui"", ""4 Passe à 7 qui tire"", ""1 prend le rebond, passe à 4 puis passe derrière lui"", ""4 passe à 7 puis passe derrière lui"", ""7 passe à 1 qui tire"", ""8 prend le rebond et enchaîne la même chose avec 2 et 5""]",[],"[""schemas/exo_028_p18_criss-cross.png""]"
cahier-t1-029,18,3 passes,Échauffement,Échauffement,Tous niveaux,8-12 min,Groupe de 3 / 1 ballon,"[""7 Passe à 1"", ""1 Passe à 7"", ""7 Passe à 4"", ""1 et 4 se croise, 7 prend le rebond"", ""7 passe à 4"", ""4 passe à 7"", ""7 passe à 1"", ""8 prend le rebond et enchaîne la même chose avec 2 et 5""]",[],"[""schemas/exo_029_p18_3-passes.png""]"
cahier-t1-030,18,2 passes,Échauffement,Échauffement,Tous niveaux,8-12 min,Groupe de 3 / 1 ballon,"[""7 Passe à 1"", ""1 Passe à 4"", ""1 et 4 se croise, 7 prend le rebond"", ""7 passe à 4"", ""4 passe à 1"", ""8 prend le rebond et enchaîne la même chose avec 2 et 5""]",[],"[""schemas/exo_030_p18_2-passes.png""]"
cahier-t1-031,19,Criss-cross à 3,Échauffement,Échauffement,Tous niveaux,8-12 min,Ligne de 3 avec 1 ballon par groupe,"[""Passe de 2 à 1 puis passe derrière lui"", ""Passe de 1 à 3 puis passe derrière lui"", ""Passe de 3 à 2, puis passe derrière lui et va prendre le rebond"", ""Passe de 2 à 1 qui tire""]","[""Faire des passes en main à main, toucher les lignes de touche après sa passe, tout le monde doit marquer un panier…"", ""criss-cross à 3 ; 2 v 1""]","[""schemas/exo_031_p19_criss-cross-a-3.png""]"
cahier-t1-032,19,Criss-cross à 3 ; 2 v 1,Échauffement,Échauffement,Tous niveaux,8-12 min,Ligne de 3 avec 1 ballon par groupe,"[""Criss cross à 3"", ""Le tireur défend sur les deux autres (joueur au choix)""]","[""criss cross à 3 ; 2 v 1 ; 1v1""]","[""schemas/exo_032_p19_criss-cross-a-3-2-v-1.png""]"
cahier-t1-033,19,Criss cross à 3 ; 2 v 1 ; 1 v 1,Échauffement,Échauffement,Tous niveaux,8-12 min,Ligne de 3 avec 1 ballon par groupe,"[""Criss cross à 3"", ""Le tireur défend sur les deux autres (joueur au choix)"", ""Le défenseur repart contre le tireur (joueur au choix)""]","[""criss cross à 3 ; 2 v 1 ; 1v1 ; 1 v 0""]","[""schemas/exo_033_p19_criss-cross-a-3-2-v-1-1-v-1.png""]"
cahier-t1-034,19,Criss cross à 3 ; 2 v 1 ; 1 v 1 ; 1 V 0,Échauffement,Échauffement,Tous niveaux,8-12 min,Ligne de 3 avec 1 ballon par groupe,"[""Criss cross à 3"", ""Le tireur défend sur les deux autres (joueur au choix)"", ""Le défenseur repart contre le tireur (joueur au choix)"", ""Le défenseur du 1 v 1 repart en 1 v 0 (4 dribbles)""]",[],"[""schemas/exo_034_p19_criss-cross-a-3-2-v-1-1-v-1-1-v-0.png""]"
cahier-t1-035,20,Criss-cross à 5,Échauffement,Échauffement,Tous niveaux,8-12 min,Ligne de 5 avec 1 ballon par groupe,"[""Passe de 1 à 2 puis passe derrière lui"", ""Passe de 2 à 3 puis passe derrière lui"", ""Passe de 3 à 4, puis passe derrière lui et va prendre le rebond"", ""Passe de 4 à 5"", ""Passe de 5 à 1 qui tire""]","[""Faire des passes en main à main, toucher les lignes de touches après sa passe, tout le monde doit marquer un panier…"", ""criss-cross à 5 ; 3 v 2""]","[""schemas/exo_035_p20_criss-cross-a-5.png""]"
cahier-t1-036,20,Criss-cross à 5 ; 3 v 2,Échauffement,Échauffement,Tous niveaux,8-12 min,Ligne de 5 avec 1 ballon par groupe,"[""Criss cross à 5"", ""Le tireur et le passeur défendent sur les trois autres (joueur au choix)""]","[""criss cross à 5 ; 3 v 2 ; 2 v 1""]","[""schemas/exo_036_p20_criss-cross-a-5-3-v-2.png""]"
cahier-t1-037,20,Criss-cross à 5 ; 3 v 2 ; 2 V 1,Échauffement,Échauffement,Tous niveaux,8-12 min,Ligne de 3 avec 1 ballon par groupe,"[""Criss cross à 5"", ""Le tireur et le passeur défendent sur les deux autres (joueur au choix)"", ""Les deux défenseurs repartent en attaque contre le tireur (joueur au choix)""]","[""criss cross à 5 ; 3 v 2 ; 2 v 1 ; 1 v 1""]","[""schemas/exo_037_p20_criss-cross-a-5-3-v-2-2-v-1.png""]"
cahier-t1-038,20,Criss-cross à 5 ; 3 v 2 ; 2 V 1 ; 1 V 1,Échauffement,Échauffement,Tous niveaux,8-12 min,Ligne de 3 avec 1 ballon par groupe,"[""Criss cross à 5"", ""Le tireur et le passeur défendent sur les deux autres (joueur au choix)"", ""Les deux défenseurs repartent en attaque contre le tireur (joueur au choix)"", ""Le défenseur repart contre le tireur""]","[""criss cross à 5 ; 3 v 2 ; 2 v 1 ; 1 v 1 ; 1 v 0 (4 dribbles)""]","[""schemas/exo_038_p20_criss-cross-a-5-3-v-2-2-v-1-1-v-1.png""]"
cahier-t1-039,21,Philadelphia,Échauffement,Échauffement,Tous niveaux,8-12 min,Ligne de 3 avec des ballons milieu et corner (sauf la première ligne),"[""Passe de 2 à 1, passe de 2 à 3, 3 va au lay-up"", ""2 et 1 vont récupérer les ballons à 45° des joueurs en attente dans les corners""]","[""Mettre des contrats""]","[""schemas/exo_039_p21_philadelphia.png""]"
cahier-t1-040,21,Philadelphia + code de jeu,Échauffement,Échauffement,Tous niveaux,8-12 min,Ligne de 3 avec des ballons milieu et corner (sauf la première ligne),"[""Passe de 2 à 1, passe de 2 à 3, 3 se situe à 45°"", ""1 va dans le poste bas côté ballon, 2 lui vient sur l’axe"", ""3 passe à 1 qui joue dos au panier puis enchaine un écran pour démarquer 2"", ""3 flash et reçoit de 7 pour tirer, 2 reçoit de 9 pour tirer""]",[],"[""schemas/exo_040_p21_philadelphia-code-de-jeu.png""]"
cahier-t1-041,21,Philadelphia + code de jeu pick,Échauffement,Échauffement,Confirmé,8-12 min,Ligne de 3 avec des ballons milieu et corner (sauf la première ligne),"[""Passe de 2 à 1, passe de 2 à 3, 3 se situe à 45°"", ""1 va dans le corner côté ballon, 2 vient poser l’écran pour 3"", ""3 joue le pick se décale et ramène le ballon dans son dos sur 1"", ""1 passe à 2 qui joue dos au panier puis enchaine un écran pour démarquer 3"", ""1 flash et reçoit de 7 pour tirer, 3 reçoit de 9 pour tirer""]",[],"[""schemas/exo_041_p21_philadelphia-code-de-jeu-pick.png""]"
cahier-t1-042,22,Philadelphia + code de jeu,Échauffement,Échauffement,Tous niveaux,8-12 min,Ligne de 3 avec des ballons milieu et corner (sauf la première ligne),"[""Passe de 2 à 1, passe de 1 à 3, 3 se situe à 45°"", ""1 va dans le poste bas côté ballon, 2 lui reste 45° opposé"", ""3 passe à 1, Skip passe sur 2"", ""1 viens poser un écran pour 2 (suit le ballon)"", ""2 utilise l’écran et passe à 3, 3 passe à 1 (high low)"", ""2 et 3 se croisent pour aller récupérer les ballons des joueurs corner et tirer""]",[],"[""schemas/exo_042_p22_philadelphia-code-de-jeu.png""]"
cahier-t1-043,22,Philadelphia + code de jeu pick,Échauffement,Échauffement,Confirmé,8-12 min,Ligne de 3 avec des ballons milieu et corner (sauf la première ligne),"[""2 passe à 1"", ""1 prend le milieu et passe à 3, puis descend poste bas"", ""3 passe à 1"", ""1 skip passe à 2 puis va au pick"", ""2 joue le pick et passe à 3 (défense en step)"", ""3 passe à 1 (high low)"", ""2 et 3 se croisent pour aller récupérer le ballon à 45° et tirer""]",[],"[""schemas/exo_043_p22_philadelphia-code-de-jeu-pick.png""]"
cahier-t1-044,23,Triangle,Échauffement,Échauffement,Tous niveaux,8-12 min,Ballons dans la colonne 1 / répartir les joueurs en 3 colonnes,"[""1 passe à 2, coupe pour aller Poste haut, reçois la balle de 2 et passe à 3"", ""2 après sa passe à 1 coupe au panier et reçoit le ballon de 3 pour tirer"", ""3 après sa passe à 2 va prendre le rebond""]","[""Changer les finitions, les types de passes""]","[""schemas/exo_044_p23_triangle.png""]"
cahier-t1-045,23,Triangle + écran,Échauffement,Échauffement,Confirmé,8-12 min,Ballons dans la colonne 1 / répartir les joueurs en 3 colonnes,"[""1 passe à 2, coupe pour aller Poste haut, reçois la balle de 2, passe à 3 et enchaine un écran rentrant pour 2"", ""2 après sa passe à 1 descend à 45° et utilise l’écran de 1 (curl)"", ""3 après la passe de 1 descend en dribble pour ouvrir l’angle de passe puis passe à 2 et va prendre le rebond""]",[],"[""schemas/exo_045_p23_triangle-ecran.png""]"
cahier-t1-046,23,Triangle + surnombre,Échauffement,Échauffement,Tous niveaux,8-12 min,Ballons dans la colonne 1 / répartir les joueurs en 3 colonnes,"[""1 passe à 2, coupe pour aller Poste haut, reçois la balle de 2 puis passe à 3 et défend contre 2 et 3"", ""2 après sa passe à 1 attaque avec 3"", ""3 après la passe de 1 devient attaquant avec 2""]",[],"[""schemas/exo_046_p23_triangle-surnombre.png""]"
cahier-t1-047,24,Carré,Échauffement,Échauffement,Tous niveaux,8-12 min,Ballons dans la colonne 1 / répartir les joueurs en 4 colonnes,"[""1 passe à 2, coupe pour aller Poste haut, reçois la balle de 2 et passe à 3"", ""2 après sa passe à 1 coupe Poste haut, reçoit le ballon de 3 et passe à 4"", ""3 après sa passe à 2 coupe, reçoit de 4 pour tirer"", ""4 après sa passe prend le rebond""]",[],"[""schemas/exo_047_p24_carre.png""]"
cahier-t1-048,24,Carré + écran,Échauffement,Échauffement,Confirmé,8-12 min,Ballons dans la colonne 1 / répartir les joueurs en 4 colonnes,"[""1 passe à 2, coupe pour aller Poste haut, reçois la balle de 2 et passe à 3"", ""2 après sa passe à 1 coupe Poste haut, reçoit le ballon de 3, passe à 4 et pose un écran rentrant UCLA pour 3"", ""3 après sa passe à 2 coupe, reçoit de 4 pour tirer"", ""4 après sa passe prend le rebond""]",[],"[""schemas/exo_048_p24_carre-ecran.png""]"
cahier-t1-049,24,Carré + écran flex,Échauffement,Échauffement,Confirmé,8-12 min,Ballons dans la colonne 1 / répartir les joueurs en 4 colonnes,"[""1 passe à 2, coupe pour aller Poste haut, reçois la balle de 2 et passe à 3"", ""2 après sa passe à 1 coupe Poste haut, reçoit le ballon de 3, passe à 4 et pose un écran rentrant UCLA pour 3 et flash"", ""3 après sa passe à 2 coupe, et va poste bas"", ""4 passe à 2, 2 passe à 1, 3 pose un écran pour 4 qui reçoit de 1""]",[],"[""schemas/exo_049_p24_carre-ecran-flex.png""]"
cahier-t1-050,25,Enchainement 1,Échauffement,Échauffement,Tous niveaux,8-12 min,1 ballon / 4 spots,"[""1 passe à 2 et va prendre sa place"", ""2 passe à 3 et va prendre sa place"", ""3 passe à 4 et va prendre sa place"", ""4 drive ligne de fond pour tirer (lay-up, lay-back…)""]","[""Enchainement 1.2""]","[""schemas/exo_050_p25_enchainement-1.png""]"
cahier-t1-051,25,Enchainement 1.2,Échauffement,Échauffement,Tous niveaux,8-12 min,1 ballon / 4 spots,"[""1 passe à 2 et va prendre sa place"", ""2 passe à 3 et va prendre sa place"", ""3 passe à 4 et joue le passe et va""]","[""Enchainement 1.3""]","[""schemas/exo_051_p25_enchainement-1-2.png""]"
cahier-t1-052,25,Enchainement 1.3,Échauffement,Échauffement,Tous niveaux,8-12 min,1 ballon / 4 spots,"[""1 passe à 2 et va prendre sa place"", ""3 joue le back door"", ""2 joue le main à main avec 4""]","[""Mettre un pick à la place du main à main, enchainement 1.4""]","[""schemas/exo_052_p25_enchainement-1-3.png""]"
cahier-t1-053,25,Enchainement 1.4,Échauffement,Échauffement,Tous niveaux,8-12 min,1 ballon / 4 spots,"[""1 passe à 2 et va prendre sa place"", ""3 joue le back door"", ""2 joue le main à main avec 4 et défend sur 4""]",[],"[""schemas/exo_053_p25_enchainement-1-4.png""]"
cahier-t1-054,26,Enchainement 2.2,Échauffement,Échauffement,Tous niveaux,8-12 min,1 ballon / 4 spots,"[""1 passe à 2 et va prendre sa place"", ""2 passe à 3 et va prendre sa place"", ""3 passe à 4 et joue le passe et va""]","[""Enchainement 2.3""]","[""schemas/exo_054_p26_enchainement-2-2.png""]"
cahier-t1-055,26,Enchainement 2.3,Échauffement,Échauffement,Tous niveaux,8-12 min,1 ballon / 4 spots,"[""1 passe à 2 et va prendre sa place"", ""2 passe à 3 et va prendre sa place"", ""3 passe à 4 et va prendre sa place"", ""4 drive ligne de fond, s’arrête"", ""4 passe à 3 (passe de secours)""]","[""Attaque milieu, Enchainement 2.4""]","[""schemas/exo_055_p26_enchainement-2-3.png""]"
cahier-t1-056,26,Enchainement 2.4,Échauffement,Échauffement,Tous niveaux,8-12 min,1 ballon / 4 spots,"[""1 passe à 2 et va prendre sa place"", ""2 passe à 3 et va prendre sa place"", ""3 joue le main à main avec 4"", ""4 hook passe à 3 pour tirer""]","[""Faire tirer 4, enchainement 2.5""]","[""schemas/exo_056_p26_enchainement-2-4.png""]"
cahier-t1-057,27,Enchainement 2.5,Échauffement,Échauffement,Tous niveaux,8-12 min,1 ballon / 4 spots,"[""1 passe à 2 et va prendre sa place"", ""2 passe à 3 et va prendre sa place"", ""3 passe à 4 et suit au pick"", ""4 attaque le pick et joue pour lui (stop tir)""]","[""Les finitions, enchainement 2.6""]","[""schemas/exo_057_p27_enchainement-2-5.png""]"
cahier-t1-058,27,Enchainement 2.6,Échauffement,Échauffement,Tous niveaux,8-12 min,1 ballon / 4 spots,"[""1 passe à 2 et va prendre sa place"", ""2 passe à 3 et va prendre sa place"", ""3 passe à 4 et suit au pick"", ""4 attaque le pick et passe à 3 (roll / pop)""]","[""Les finitions, enchainement 2.7""]","[""schemas/exo_058_p27_enchainement-2-6.png""]"
cahier-t1-059,27,Enchainement 2.7,Échauffement,Échauffement,Tous niveaux,8-12 min,1 ballon / 4 spots,"[""1 passe à 2 et va prendre sa place"", ""2 passe à 3 et va prendre sa place"", ""3 passe à 4 et suit au pick"", ""4 attaque le pick, passe à 2 qui est position deuxième arrière"", ""2 donne à 3""]",[],"[""schemas/exo_059_p27_enchainement-2-7.png""]"
cahier-t1-060,28,Passe et va 1,Échauffement,Échauffement,Tous niveaux,8-12 min,Répartir les joueurs dans 6 colonnes,"[""1 fait une passe à 2 qui lui redonne"", ""1 fait la passe à 4 qui lui redonne pour tirer et va se placer dans la colonne 3"", ""4 prend le rebond et fait la passe à 3 qui lui redonne…""]",[],"[""schemas/exo_060_p28_passe-et-va-1.png""]"
cahier-t1-061,28,Passe et va 2,Échauffement,Échauffement,Tous niveaux,8-12 min,Répartir les joueurs dans 5 colonnes,"[""1 fait une passe à 2 qui lui redonne"", ""1 fait la passe à 4 qui lui redonne pour tirer"", ""1 prend le rebond et fait la même chose de l’autre côté 1 —> 2 —> 3 —> 4 —> 5 —> 1""]",[],"[""schemas/exo_061_p28_passe-et-va-2.png""]"
cahier-t1-062,28,Passe et va 3,Échauffement,Échauffement,Tous niveaux,8-12 min,"Les joueurs avec ballon sont dans le rond central, les joueurs sans ballon dans le prolongement de la ligne des lancers franc","[""1 avance en dribble, passe à 2 et va au panier"", ""2 lui refait la passe""]",[],"[""schemas/exo_062_p28_passe-et-va-3.png""]"
cahier-t1-063,28,Passe retour de passe,Échauffement,Échauffement,Tous niveaux,8-12 min,1 ballon par groupe / Groupe de 2,"[""1 et 2 échange les passes jusqu’au milieu de terrain"", ""2 utilise le dribble pour venir sur l’axe panier panier"", ""1 court le long de la ligne de touche puis va au panier"", ""2 lui fait la passe pour qu’il tire""]",[],"[""schemas/exo_063_p28_passe-retour-de-passe.png""]"
cahier-t1-064,29,Passe retour de passe - 1,Échauffement,Échauffement,Tous niveaux,8-12 min,Ballons dans la colonne 1 / répartir les joueurs en deux colonnes,"[""1 et 2 partent en même temps"", ""Ils vont faire le tour du plot"", ""1 passe à 2 puis va au panier"", ""2 passe à 1 pour qu’il tire""]",[],"[""schemas/exo_064_p29_passe-retour-de-passe-1.png""]"
cahier-t1-065,29,Passe retour de passe - 2,Échauffement,Échauffement,Tous niveaux,8-12 min,Ballons dans la colonne 1 / répartir les joueurs en deux colonnes,"[""1 et 2 partent en même temps"", ""Ils vont faire le tour du plot"", ""1 passe à 2 puis curl pour aller au panier"", ""2 passe à 1 pour qu’il tire en tir crochet""]",[],"[""schemas/exo_065_p29_passe-retour-de-passe-2.png""]"
cahier-t1-066,29,Game time,Échauffement,Échauffement,Tous niveaux,8-12 min,1 ballon / répartir les joueurs en deux colonnes,"[""Le premier joueur a le ballon, il va au panier en dribble"", ""6 prend le rebond remise en jeu pour 2 qui coupe au panier…""]","[""Les finitions, les départs…""]","[""schemas/exo_066_p29_game-time.png""]"
cahier-t1-067,29,Démarquage,Échauffement,Échauffement,Tous niveaux,8-12 min,1 ballon par groupe / Groupe de 3,"[""Toujours toucher le plot du milieu (démarquage en V)"", ""Remplir le plot à une passe du ballon""]",[],"[""schemas/exo_067_p29_demarquage.png""]"
cahier-t1-068,30,Montée de balle,Échauffement,Échauffement,Tous niveaux,8-12 min,1 ballon / groupe de 2,"[""5 passe à 1 qui reçoit le ballon en mouvement et monte le ballon dans le couloir central, 5 prend le couloir extérieur"", ""1 passe à 5 qui tire"", ""5 après son tir continue de courir pour aller dans un secteur de sortie de balle 4.1 prend le rebond, lui fait la passe et prend le couloir extérieur"", ""5 monte le ballon couloir central et fait la passe à 1"", ""6 prend le rebond et fait la même chose avec 2""]",[],"[""schemas/exo_068_p30_montee-de-balle.png""]"
cahier-t1-069,30,Montée de balle 2,Échauffement,Échauffement,Tous niveaux,8-12 min,3 ballons par groupe / répartir les joueurs en deux colonnes,"[""Commencer en mettant deux joueurs au milieu de terrain (1 et 2)"", ""1 avance en dribble et fait la passe à 2"", ""Après sa passe 1 va dans le secteur de sortie de balle"", ""3 fait la passe à 1 qui lui redonne"", ""3 monte le ballon dans le couloir centrale"", ""1 court dans le couloir extérieur"", ""3 fait la passe à 1 qui va tirer en tir en course""]",[],"[""schemas/exo_069_p30_montee-de-balle-2.png""]"
cahier-t1-070,30,Parcours,Échauffement,Échauffement,Tous niveaux,8-12 min,1 ballon par joueur / répartir les joueurs en deux colonnes,"[""slalom de plot"", ""Passe à C qui redonne au joueur qui coupe"", ""Pas défensif jusqu’au milieu de terrain"", ""Auto passe, arrêt simultané"", ""Drive à droite ou gauche des plots""]","[""Les changements de main, les finitions, les arrêts, les départs""]","[""schemas/exo_070_p30_parcours.png""]"
cahier-t1-071,30,Parcours -2,Échauffement,Échauffement,Tous niveaux,8-12 min,Ballons dans les colonnes 1 et 2 / répartir les joueurs en deux colonnes et un joueur en colonne 3,"[""A1 effectue un slalom, passe au coach et enchaine un démarquage pour tirer (flare, passe et va, main à main…)"", ""A2 et A3 enchainent 3 passes, à la 3ème passe A3 dribble de CA pour aller au panier"", ""A2 après sa 2eme passe revient prendre la place de 3 dans un secteur de sortie de balle""]","[""Les dribbles, les enchainements…""]","[""schemas/exo_071_p30_parcours-2.png""]"
cahier-t1-072,32,1 v 1 - 1,Pré-collectif,V 1,Intermédiaire,12-18 min,1 ballon pour 2 joueurs,"[""A1 et A2 démarrent face à face en tenant le ballon"", ""Au signal du coach bataille pour arracher le ballon"", ""Celui qui a le ballon est attaquant l’autre défenseur""]","[""1v1 - 2""]","[""schemas/exo_072_p32_1-v-1-1.png""]"
cahier-t1-073,32,1 V 1 - 2,Pré-collectif,V 1,Intermédiaire,12-18 min,1 ballon pour 2 joueurs,"[""A1 démarre face au milieu de terrain D1 face au panier"", ""Les deux partent lorsque A1 rompt le contact avec D1"", ""A1 met un pied dans le rond central, D1 dans la zone de non charge"", ""A1 arrive lancé face au panier et joue le 1 v 1 contre D1""]","[""1v1 - 3""]","[""schemas/exo_073_p32_1-v-1-2.png""]"
cahier-t1-074,32,1 V 1 - Carré,Pré-collectif,V 1,Intermédiaire,12-18 min,1 ballon par 1/4 de terrain / 4 spots,"[""1 v1 en 3 dribble"", ""Si je marque je me décale d’un quart de terrain"", ""Si je ne marque pas je passe en défense""]","[""Les intérieurs peuvent partir post-up""]","[""schemas/exo_074_p32_1-v-1-carre.png""]"
cahier-t1-075,32,1 V 1 - 3,Pré-collectif,V 1,Intermédiaire,12-18 min,1 ballon / répartir les joueurs en deux colonnes,"[""A1 part du rond central, D1 sur la ligne des LF"", ""A1 choisit de faire le tour d’un côté, D1 doit faire le tour de l’autre plot""]","[""1v1 - 4""]","[""schemas/exo_075_p32_1-v-1-3.png""]"
cahier-t1-076,33,1 v 1 - 4,Pré-collectif,V 1,Intermédiaire,12-18 min,1 ballon pour 2 joueurs,"[""A1 et A2 démarrent face à face A1 sur la ligne des LF, A2 zone de non charge"", ""A2 donne le départ en faisant la passe à A1"", ""A1 choisit un côté A2 fait le tour de l’autre plot et va défendre""]","[""1v1 - 5""]","[""schemas/exo_076_p33_1-v-1-4.png""]"
cahier-t1-077,33,1 V 1 - 5,Pré-collectif,V 1,Intermédiaire,12-18 min,1 ballon pour 2 joueurs,"[""D1 démarrent dos à A1, A1 démarre face au cercle avec le ballon posé sur le dos de D1"", ""A1 décide quand partir"", ""D1 défend sur A1""]","[""1v1 - 6""]","[""schemas/exo_077_p33_1-v-1-5.png""]"
cahier-t1-078,33,1 v 1 - 6,Pré-collectif,V 1,Intermédiaire,12-18 min,1 ballon pour 2 joueurs,"[""A1 et D1 démarrent face à face"", ""D1 fait la passe à A1"", ""Les deux joueurs doivent réaliser le slalom A1 pour tirer, D1 pour défendre""]","[""1v1 - 7""]","[""schemas/exo_078_p33_1-v-1-6.png""]"
cahier-t1-079,33,1 V 1 - 7,Pré-collectif,V 1,Intermédiaire,12-18 min,1 ballon / répartir les joueurs en deux colonnes,"[""Le coach à la balle, les deux joueurs sont face à lui"", ""Le coach passe le ballon à un joueur qui devient attaquant, le deuxième joueur devient défenseur""]","[""1v1 - 8""]","[""schemas/exo_079_p33_1-v-1-7.png""]"
cahier-t1-080,34,1 v 1 - 8,Pré-collectif,V 1,Intermédiaire,12-18 min,1 ballon / répartir les joueurs en deux colonnes,"[""D1 a le ballon, il fait la passe à A1"", ""D1 va faire le tour d’un plot pendant que A1 fait le tour de l’autre plot""]","[""Le côté, les distances, 1v1 - 9""]","[""schemas/exo_080_p34_1-v-1-8.png""]"
cahier-t1-081,34,1 V 1 - 9,Pré-collectif,V 1,Intermédiaire,12-18 min,1 ballon / répartir les joueurs en deux colonnes,"[""D1 a le ballon, il fait la passe à A1"", ""D1 va faire le tour d’un plot pendant que A1 fait le tour de l’autre plot""]","[""Les distances, 1v1 - 10""]","[""schemas/exo_081_p34_1-v-1-9.png""]"
cahier-t1-082,34,1 v 1 - 10,Pré-collectif,V 1,Intermédiaire,12-18 min,1 ballon pour 2 joueurs,"[""A1 et D1 démarrent face à face"", ""D1 fait la passe à A1"", ""Les deux joueurs doivent réaliser le slalom A1 pour tirer, D1 pour défendre""]","[""1v1 - 11""]","[""schemas/exo_082_p34_1-v-1-10.png""]"
cahier-t1-083,34,1 V 1 - 11,Pré-collectif,V 1,Intermédiaire,12-18 min,Ballons dans une colonne / répartir les joueurs en deux colonnes,"[""A1 fait la passe à A2, et va jouer le main à main avec A2"", ""D1 passe au dessus de A2 et défend, A2 après son main à main ouvre vers le panier pour jouer un 2 v 1 + 1""]","[""1v1 - 12""]","[""schemas/exo_083_p34_1-v-1-11.png""]"
cahier-t1-084,35,1 v 1 - 12,Pré-collectif,V 1,Intermédiaire,12-18 min,1 ballon / répartir les joueurs en deux colonnes,"[""Le coach à la balle, A1 se démarque pour recevoir le ballon"", ""A1 reçoit le ballon et joue son 1 v 1""]","[""1 v 1 - 13""]","[""schemas/exo_084_p35_1-v-1-12.png""]"
cahier-t1-085,35,1 v 1 - 13,Pré-collectif,V 1,Intermédiaire,12-18 min,1 ballon / répartir les joueurs en deux colonnes,"[""Le coach à la balle, A1 se démarque pour recevoir le ballon"", ""A1 reçoit le ballon et joue son 1 v 1""]","[""1 v 1 - 14""]","[""schemas/exo_085_p35_1-v-1-13.png""]"
cahier-t1-086,35,1 v 1 - 14,Pré-collectif,V 1,Intermédiaire,12-18 min,1 ballon / répartir les joueurs en deux colonnes,"[""Le coach à la balle, A1 reçoit le ballon"", ""A1 joue son 1 v 1 lancé""]","[""1v1 - 15""]","[""schemas/exo_086_p35_1-v-1-14.png""]"
cahier-t1-087,35,1 v 1 - 15,Pré-collectif,V 1,Intermédiaire,12-18 min,1 ballon pour 2,"[""A1 part avec le ballon sous le panier"", ""D1 part devant A1"", ""A1 décide du départ et choisit de partir vers la droite ou la gauche"", ""D1 prend l’autre côté avant de venir défendre""]","[""Les départs""]","[""schemas/exo_087_p35_1-v-1-15.png""]"
cahier-t1-088,36,Rebond - 1,Pré-collectif,Rebond,Intermédiaire,12-18 min,1 ballon / 3 confrontations,"[""Le coach prend un tir"", ""D1, D2, D3 font écran retard sur le joueur en face d’eux""]","[""Rebond - 2""]","[""schemas/exo_088_p36_rebond-1.png""]"
cahier-t1-089,36,Rebond - 2,Pré-collectif,Rebond,Intermédiaire,12-18 min,1 ballon / 3 confrontations,"[""Les défenseurs tournent autour de la raquette"", ""Le coach prend un tir"", ""D1, D2, D3 font écran retard sur le joueur en face d’eux""]","[""Rebond - 3""]","[""schemas/exo_089_p36_rebond-2.png""]"
cahier-t1-090,36,Rebond - 3,Pré-collectif,Rebond,Intermédiaire,12-18 min,1 ballon / 5 confrontations,"[""Les défenseurs tournent autour de la raquette"", ""Le coach prend un tir"", ""D1, D2, D3, D4, D5 font écran retard sur le joueur en face d’eux""]","[""Rebond - 4""]","[""schemas/exo_090_p36_rebond-3.png""]"
cahier-t1-091,36,Rebond - 4,Pré-collectif,Rebond,Intermédiaire,12-18 min,1 ballon / 3 confrontations,"[""Les défenseurs sont sur le demi terrain"", ""Un joueur prend un tir / 3 attaquants jouent le rebond"", ""D1, D2, D3 font écran retard sur le joueur en face d’eux""]","[""Rebond - 5""]","[""schemas/exo_091_p36_rebond-4.png""]"
cahier-t1-092,37,Rebond - 5,Pré-collectif,Rebond,Intermédiaire,12-18 min,1 ballon / 3 confrontations,"[""Les défenseurs sont sur le demi terrain"", ""Chaque joueurs prend un tir / 3 attaquants jouent le rebond contre 3 défenseurs"", ""D1, D2, D3 font écran retard sur le joueur en face d’eux"", ""Les joueurs qui prennent un rebond repartent""]","[""Rebond - 5""]","[""schemas/exo_092_p37_rebond-5.png""]"
cahier-t1-093,37,Ecran retard,Pré-collectif,Rebond,Intermédiaire,12-18 min,1 ballon par groupe / 2 joueurs,"[""Placer un ballon au sol"", ""Un attaquant et un défenseur"", ""Le défenseur doit empêcher l’attaquant de toucher / attraper le ballon""]",[],"[""schemas/exo_093_p37_ecran-retard.png""]"
cahier-t1-094,37,Bataille rebond,Pré-collectif,Rebond,Intermédiaire,12-18 min,1 ballon par joueur / 2 joueurs dans la raquette,"[""Les deux joueurs dans la raquette jouent le 1 v 1 après qu’un joueur 2 ai lancé un ballon contre la planche"", ""Premier joueur à 3 paniers"", ""Pas d’alternance de possession celui qui prend le rebond est en attaque"", ""Si le ballon sort de la raquette les joueurs 2 relancent un ballon contre la planche""]",[],"[""schemas/exo_094_p37_bataille-rebond.png""]"
cahier-t1-095,37,Rebond - 6,Pré-collectif,Rebond,Intermédiaire,12-18 min,1 ballon pour 3,"[""2 passe à 1 puis va faire écran retard sur 3"", ""1 tire"", ""Bataille au rebond entre 2 et 3""]",[],"[""schemas/exo_095_p37_rebond-6.png""]"
cahier-t1-096,38,Passes sur step,Pré-collectif,Pick,Intermédiaire,12-18 min,1 ballon par joueur / répartir les joueurs en deux colonnes,"[""1 utilise le pick et passe à l’autre 1 en face"", ""Ce dernier utilise à son tour le pick et passe à 2"", ""2 utilise le pick…""]","[""Les passes, les défenses sur pick""]","[""schemas/exo_096_p38_passes-sur-step.png""]"
cahier-t1-097,38,Pick & roll,Pré-collectif,Pick,Confirmé,12-18 min,1 ballon pour 2,"[""1 passe à 2 puis va poser écran"", ""2 utilise l’écran, passe à 1 et va poser écran pour 1"", ""1 utilise l’écran, passe à 2 et va poser écran pour 2""]","[""Les passes""]","[""schemas/exo_097_p38_pick-roll.png""]"
cahier-t1-098,38,Pick axe,Pré-collectif,Pick,Confirmé,12-18 min,1 ballon par joueur / répartir les joueurs en deux colonnes,"[""Le premier joueur se démarque, reçoit le ballon de 2"", ""1 utilise le pick, jouer côté ballon puis utilisation du pick"", ""2 se démarque et reçoit le ballon de 1 et enchaine le même mouvement""]","[""Les finitions""]","[""schemas/exo_098_p38_pick-axe.png""]"
cahier-t1-099,38,Pick,Pré-collectif,Pick,Confirmé,12-18 min,1 ballon par joueur / répartir les joueurs en deux colonnes,"[""Utilisation du pick"", ""Varier les attaques de pick (sur protect, sur stick & under…)"", ""Changer de colonne à chaque passage""]","[""Les défenses de pick, les finitions""]","[""schemas/exo_099_p38_pick.png""]"
cahier-t1-100,39,Travail de picks,Pré-collectif,Pick,Confirmé,12-18 min,Ballons dans les colonnes 1 et 3 / répartir les joueurs en trois colonnes,"[""3 passe à C et va dans le corner"", ""1 passe à 2 et va poser un écran""]","[""Travail de picks - 1""]","[""schemas/exo_100_p39_travail-de-picks.png""]"
cahier-t1-101,39,Travail de picks - 1,Pré-collectif,Pick,Confirmé,12-18 min,Ballons dans les colonnes 1 et 3 / répartir les joueurs en trois colonnes,"[""2 utilise l’écran de 1, 3 remonte à 45°, 2 lui fait la passe"", ""1 après son écran roll er reçoit de C"", ""3 après avoir reçu le ballon enchaine un stop tir"", ""2 après sa passe va sur le poste haut et reçoit de 1 pour tirer""]","[""Travail de picks - 2""]","[""schemas/exo_101_p39_travail-de-picks-1.png""]"
cahier-t1-102,39,Travail de picks - 2,Pré-collectif,Pick,Confirmé,12-18 min,1 ballon par joueur / répartir les joueurs en deux colonnes,"[""1 passe à 2 dans le poste bas qui réalise un mouvement dos au panier"", ""1 après sa passe remonte dans l’axe pour recevoir le ballon de C"", ""Attraper, attaquer à l’opposé du passeur et réaliser un stop tir""]","[""Travail de picks - 3""]","[""schemas/exo_102_p39_travail-de-picks-2.png""]"
cahier-t1-103,40,Travail de picks - 3,Pré-collectif,Pick,Confirmé,12-18 min,Ballons dans les colonnes 1 et 3 / répartir les joueurs en trois colonnes,"[""2 utilise l’écran de 1, 3 remonte à 45°, 2 fait la passe à 3"", ""1 après son écran descend dans le poste bas"", ""3 passe à 1, 3 pose écran pour 2 puis flash au panier"", ""2 rééquilibre à 45°, 1 passe à 3 sur le flash"", ""Après sa passe 1 remonte sur l’axe panier panier, C fait la passe à 1"", ""1 va jouer le main à main avec 2 qui attaque et lui fait la passe"", ""Après sa passe à 1, 2 se décale et reçoit de 3 pour tirer""]",[],"[""schemas/exo_103_p40_travail-de-picks-3.png""]"
cahier-t1-104,41,Code de jeu 1.1,Pré-collectif,Code De Jeu,Intermédiaire,12-18 min,,"[""1 et 2 partent en même temps"", ""2 fait la passe au C en arrivant sur la ligne médiane, 1 fait le tour des plots puis va à 45°"", ""Après sa passe à C, 2 descend dans le poste bas côté ballon"", ""1 passe à 2 dans le poste bas qui réalise un mouvement dos au panier"", ""1 après sa passe coupe pour recevoir le ballon de C""]","[""Code de Jeu - 2""]","[""schemas/exo_104_p41_code-de-jeu-1-1.png""]"
cahier-t1-105,41,Code de jeu 1.2,Pré-collectif,Code De Jeu,Intermédiaire,12-18 min,1 ballon par joueur / répartir les joueurs en deux colonnes,"[""1 passe à 2 dans le poste bas qui réalise un mouvement dos au panier"", ""1 après sa passe remonte dans l’axe pour recevoir le ballon de C"", ""Attraper, attaquer à l’opposé du passeur et réaliser un stop tir""]","[""Code de Jeu - 3""]","[""schemas/exo_105_p41_code-de-jeu-1-2.png""]"
cahier-t1-106,41,Code de jeu 1.3,Pré-collectif,Code De Jeu,Intermédiaire,12-18 min,1 ballon par joueur / répartir les joueurs en deux colonnes,"[""1 passe à 2 dans le poste bas"", ""1 après sa passe coupe et reçoit le ballon de 2 pour tirer"", ""Après sa passe à 1, 2 remonte sur le poste haut, puis reçoit le ballon de C et prend le tir""]","[""Code de Jeu - 4""]","[""schemas/exo_106_p41_code-de-jeu-1-3.png""]"
cahier-t1-107,41,Code de jeu 1.4,Pré-collectif,Code De Jeu,Intermédiaire,12-18 min,1 ballon par joueur / répartir les joueurs en deux colonnes,"[""1 passe à 2 dans le poste bas"", ""1 après sa passe se décale dans le corner et reçoit le ballon de 2 pour tirer"", ""Après sa passe à 1, 2 remonte sur le poste haut puis reçoit le ballon du C et part en dribble côté passeur""]","[""Code de Jeu - 5""]","[""schemas/exo_107_p41_code-de-jeu-1-4.png""]"
cahier-t1-108,42,Code de jeu 1.5,Pré-collectif,Code De Jeu,Intermédiaire,12-18 min,,"[""1 drive sur le milieu, 2 s’écarte short corner"", ""1 fait la passe à 2 pour tirer"", ""Après sa passe à 2, 1 remonte sur l’axe, reçoit du C et tir""]","[""Code de Jeu - 6""]","[""schemas/exo_108_p42_code-de-jeu-1-5.png""]"
cahier-t1-109,42,Code de jeu 1.6,Pré-collectif,Code De Jeu,Intermédiaire,12-18 min,1 ballon par joueur / répartir les joueurs en deux colonnes,"[""1 drive vers la ligne de fond, 2 s’écarte elbow"", ""1 fait la passe à 2 pour tirer"", ""Après sa passe à 2, 1 remonte sur l’axe, reçoit du C et fait un stop tir""]","[""Code de Jeu - 7""]","[""schemas/exo_109_p42_code-de-jeu-1-6.png""]"
cahier-t1-110,42,Code de jeu 1.7,Pré-collectif,Code De Jeu,Intermédiaire,12-18 min,1 ballon par joueur / répartir les joueurs en deux colonnes,"[""1 drive vers la ligne de fond, 2 curl coeur raquette"", ""1 fait la passe à 2 pour tirer"", ""Après sa passe à 2, 1 se démarque dans le corner, reçoit du C et tir""]","[""Code de Jeu - 8""]","[""schemas/exo_110_p42_code-de-jeu-1-7.png""]"
cahier-t1-111,42,Code de jeu 1.8,Pré-collectif,Code De Jeu,Intermédiaire,12-18 min,1 ballon par joueur / répartir les joueurs en deux colonnes,"[""1 drive vers le milieu, 2 coupe sous le panier"", ""1 fait la passe à 2 pour tirer"", ""Après sa passe à 2, 1 se démarque à 45° puis reçoit du C et attaque vers le milieu pour prendre un stop tir""]",[],"[""schemas/exo_111_p42_code-de-jeu-1-8.png""]"
cahier-t1-112,43,Code de jeu 2,Pré-collectif,Code De Jeu,Intermédiaire,12-18 min,,"[""2 passe à 3"", ""3 passe à C et coupe pour remplir le corner opposé"", ""2 descend poste bas côté ballon"", ""C passe à 2"", ""Quand le ballon arrive sur 2 : 1 coupe de 45° et 3 remonte à 45°"", ""2 skip passe à 3 puis va au pick"", ""3 ramène le ballon sur 1 qui donne à 2 dans le poste bas"", ""2 joue un post moove"", ""1 écran pour 3 puis flash poste haut pour tirer, 3 revient à 45° pour tirer""]",[],"[""schemas/exo_112_p43_code-de-jeu-2.png""]"
cahier-t1-113,43,Code de jeu 3,Pré-collectif,Code De Jeu,Intermédiaire,12-18 min,1 ballon par ligne de 3 / mettre des ballons sur les joueurs en attente,"[""2 passe à 1"", ""1 prend le milieu et passe à 3, puis descend poste bas"", ""3 passe à 1"", ""1 skip passe à 2 puis va au pick"", ""2 joue le pick et passe à 3 (défense en step)"", ""3 passe à 1 (high low)"", ""2 et 3 se croisent pour aller récupérer le ballon à 45° et tirer""]",[],"[""schemas/exo_113_p43_code-de-jeu-3.png""]"
cahier-t1-114,44,Pas de dribble après dribble,Pré-collectif,Code De Jeu,Intermédiaire,12-18 min,1 ballon / répartir les joueurs en trois colonnes,"[""Montée du ballon au choix"", ""3 spots (Axe, 45° D & 45° G)"", ""A1 drive d’un côté puis passe au joueur du côté du drive et va 45° opposé"", ""2 n’a pas le droit de dribbler car 1 a dribblé, 3 équilibre dans l’axe"", ""2 passe à 3 qui drive à l’opposé d’où vient le ballon et passe à 1"", ""1 n’a pas le droit de dribbler car 3 a dribblé, 2 équilibre dans l’axe"", ""1 passe à 2 qui drive à l’opposé d’où vient le ballon et passe à 3"", ""3 n’a pas le droit de dribbler car 2 a dribblé ,1 équilibre dans l’axe"", ""Quand le joueur qui a commencé dans l’axe revient , il transfère le ballon sans dribbler ce qui donne le droit au joueur de 45° de driver""]","[""Pas de dribble après dribble fond, Pas de dribble après dribble milieu""]","[""schemas/exo_114_p44_pas-de-dribble-apres-dribble.png""]"
cahier-t1-115,44,Pas de dribble après dribble fond,Pré-collectif,Code De Jeu,Intermédiaire,12-18 min,,"[""2 reçoit le ballon et drive sur la ligne de fond"", ""1 et 3 bougent en fonction du drive pour remplir les spots"", ""2 passe à 3, extra passe à 1 qui peut soit tirer soit re-driver""]","[""Drive milieu""]","[""schemas/exo_115_p44_pas-de-dribble-apres-dribble-fond.png""]"
cahier-t1-116,45,Pas de dribble après dribble milieu,Pré-collectif,Code De Jeu,Intermédiaire,12-18 min,,"[""2 reçoit le ballon et drive sur le milieu"", ""1 et 3 bougent en fonction du drive pour remplir les spots"", ""2 passe à 1, extra passe à 3 qui peut soit tirer soit re-driver""]","[""Drive milieu""]","[""schemas/exo_116_p45_pas-de-dribble-apres-dribble-milieu.png""]"
cahier-t1-117,45,Attaque de presse 1,Pré-collectif,Code De Jeu,Confirmé,12-18 min,Ballons dans la colonne 1 / répartir les joueurs en 4 colonnes,"[""1 passe à 2 puis va prendre sa place"", ""3 curle pour venir dans le milieu, 2 fait la passe à 3"", ""4 se décale côté 2 puis court couloir extérieur"", ""3 fait la passe à 4 et prend sa place""]",[],"[""schemas/exo_117_p45_attaque-de-presse-1.png""]"
cahier-t1-118,45,Attaque de presse 2,Pré-collectif,Code De Jeu,Confirmé,12-18 min,Ballons dans la colonne 1 / répartir les joueurs en 4 colonnes,"[""1 passe à 2 puis va prendre sa place"", ""3 curle pour venir dans le milieu,"", ""4 se décale côté 2, reçoit le ballon de 2 et avance jusqu’à 45°"", ""3 court dans le couloir centrale en trailer"", ""4 fait la passe à 3""]",[],"[""schemas/exo_118_p45_attaque-de-presse-2.png""]"
cahier-t1-119,46,Attaque de presse 3,Pré-collectif,Code De Jeu,Confirmé,12-18 min,Ballons dans la colonne 1 / répartir les joueurs en 4 colonnes,"[""1 passe à 2 puis va prendre la place de 3"", ""3 (le joueur n’est pas concerné par la sortie de balle) curle pour venir dans le milieu, 2 lui fait la passe"", ""4 se décale côté de la première passe, et court dans le couloir extérieur"", ""3 (le joueur dans le milieu) fait la passe au joueur 4 qui court dans le couloir extérieur""]",[],"[""schemas/exo_119_p46_attaque-de-presse-3.png""]"
cahier-t1-120,46,Attaque de presse 4,Pré-collectif,Code De Jeu,Confirmé,12-18 min,Ballons dans la colonne 1 / répartir les joueurs en 4 colonnes,"[""1 passe à 2 et reste en retrait, 3 curle dans le milieu, 4 se décale côté ballon"", ""2 avance sur un dribble, retour de passe à 1"", ""1 se décale sur 2 dribbles, 3 se décale côté ballon, 4 revient dans le milieu"", ""1 passe à 4"", ""4 passe à 3 qui a couru dans le couloir extérieur""]",[],"[""schemas/exo_120_p46_attaque-de-presse-4.png""]"
cahier-t1-121,48,Carré de passe 1,Passe,Passes,Tous niveaux,8-12 min,Répartir les joueurs en 4 colonnes,"[""Passe de 1 à 3 et passe de 5 à 7 puis vont dans la colonne où ils ont fait la passe"", ""Passe de 3 à 6 et passe de 7 à 2 puis vont dans la colonne où ils ont fait la passe""]","[""Carré de passe 2""]","[""schemas/exo_121_p48_carre-de-passe-1.png""]"
cahier-t1-122,48,Carré de passe 2,Passe,Passes,Tous niveaux,8-12 min,Répartir les joueurs en 4 colonnes,"[""Passe de 1 à 3 et passe de 5 à 7 puis vont dans la colonne opposé où ils ont fait la passe"", ""Passe de 3 à 6 et passe de 7 à 2 puis vont dans la colonne opposé où ils ont fait la passe""]","[""Carré de passe 3""]","[""schemas/exo_122_p48_carre-de-passe-2.png""]"
cahier-t1-123,48,Carré de passe 3,Passe,Passes,Tous niveaux,8-12 min,Répartir les joueurs en 4 colonnes,"[""Passe de 1 à 3 et passe de 5 à 7 puis vont dans la colonne en diagonale en faisant le tour du carré"", ""Passe de 3 à 6 et passe de 7 à 2 puis vont dans la colonne en diagonale en faisant le tour du carré""]","[""Carré de passe 4""]","[""schemas/exo_123_p48_carre-de-passe-3.png""]"
cahier-t1-124,48,Carré de passe 4,Passe,Passes,Tous niveaux,8-12 min,Répartir les joueurs en 4 colonnes,"[""Passe de 1 à 3 et passe de 5 à 7 puis vont dans la colonne en diagonale en passant au centre du carré"", ""Lors de la traversée au milieu du carré les joueurs doivent se faire des passes sans faire de marcher et que le ballon tombe au sol"", ""Passe de 3 à 6 et passe de 7 à 2 puis vont dans la colonne en diagonale en faisant le tour du carré""]","[""Carré de passe 5""]","[""schemas/exo_124_p48_carre-de-passe-4.png""]"
cahier-t1-125,49,Carré de passe 5,Passe,Passes,Tous niveaux,8-12 min,Répartir les joueurs en 4 colonnes,"[""Passe de 1 à 3, 1 va au centre du carré"", ""3 redonne à 1 au centre du carre qui donne à 5"", ""5 passe à 3 au centre du carré qui passe à 7"", ""7 passe à 5 au centre du carré qui passe à 2…""]",[],"[""schemas/exo_125_p49_carre-de-passe-5.png""]"
cahier-t1-126,49,Passe vers l’avant,Passe,Passes,Tous niveaux,8-12 min,1 défenseur dans chaque rond / 1 ballon pour 2,"[""les attaquants s’échangent des passes en avançant"", ""Les défenseurs ne peuvent pas sortir des ronds"", ""Si un défenseur touche le ballon il passe attaquant a la place du mauvais passeur""]",[],"[""schemas/exo_126_p49_passe-vers-lavant.png""]"
cahier-t1-127,49,Transfert de balle,Passe,Passes,Tous niveaux,8-12 min,Répartir les joueurs en 2 colonnes avec un ballon,"[""Passe de 2 à 1, 1 transfert à 3"", ""3 passe à 2 qui est venu équilibré sur l’axe panier panier puis transfert à 4""]",[],"[""schemas/exo_127_p49_transfert-de-balle.png""]"
cahier-t1-128,50,Passe dans le dribble,Passe,Passes,Tous niveaux,8-12 min,Ligne de 3 avec 2 ballons,"[""1 dribble avec 2 ballons"", ""1 enchaine passe à terre à 3 avec la main droite"", ""1 enchaine passe direct à 2 avec la main gauche""]","[""3 peut enchainer une passe à 1 après son tir""]","[""schemas/exo_128_p50_passe-dans-le-dribble.png""]"
cahier-t1-129,50,Circuit de passe 1,Passe,Passes,Tous niveaux,8-12 min,Ligne de 3 avec 1 ballon milieu,"[""1 Passe à 3"", ""3 passe à 2"", ""2 passe à 1…""]","[""Circuit de passe 2""]","[""schemas/exo_129_p50_circuit-de-passe-1.png""]"
cahier-t1-130,50,Circuit de passe 2,Passe,Passes,Tous niveaux,8-12 min,Ligne de 3 avec 2 ballons,"[""1 Passe à 3, 3 passe à 2"", ""3 passe à 2, 2 passe à 1"", ""2 passe à 1, 1 passe à 3…""]",[],"[""schemas/exo_130_p50_circuit-de-passe-2.png""]"
cahier-t1-131,50,Passes,Passe,Passes,Tous niveaux,8-12 min,1 ballon par groupe / mettre les joueurs en colonne de 2 minimum,"[""Le premier joueur avance en dribble, s’arrête, pivote et fait la passe"", ""Le second enchaine le même mouvement""]","[""Les arrêts, les ouvertures, les passes""]","[""schemas/exo_131_p50_passes.png""]"
cahier-t1-132,52,Dextérité - 1,Dribble,Dribble,Tous niveaux,8-12 min,1 ballon par joueur,"[""Faire des allers-retours"", ""Varier la gamme de dribbles (main droite, main gauche, balayage, in & out, entre les jambes, dans le dos…)""]",[],"[""schemas/exo_132_p52_dexterite-1.png""]"
cahier-t1-133,52,Dextérité - 2,Dribble,Dribble,Tous niveaux,8-12 min,Faire des groupes de 3 / 1 ballon pour 3,"[""Le premier joueur dribble jusqu’au joueur d’en face"", ""Le deuxième joueur repart dans l’autre sens…"", ""Varier la gamme de dribbles (main droite, main gauche, balayage, in & out, entre les jambes, dans le dos…)""]",[],"[""schemas/exo_133_p52_dexterite-2.png""]"
cahier-t1-134,52,Dextérité - 3,Dribble,Dribble,Tous niveaux,8-12 min,Faire des groupes de 3 / 2 ballons pour 3,"[""Le premier joueur dribble jusqu’au joueur d’en face"", ""Le deuxième joueur repart dans l’autre sens…"", ""Varier la gamme de dribbles (simultanés, alternatifs, cross, entre les jambes, dans le dos…)""]",[],"[""schemas/exo_134_p52_dexterite-3.png""]"
cahier-t1-135,52,Vtesse de dribble,Dribble,Dribble,Tous niveaux,8-12 min,1 ballon chacun / faire des groupes de 2,"[""Les joueurs démarrent en dribble"", ""Au signal du coach ils doivent réaliser le dribble demandé (ex : cross entre les jambes)"", ""Une fois le mouvement réalisé, le premier joueur qui ramasse le plot gagne""]","[""Les cross""]","[""schemas/exo_135_p52_vtesse-de-dribble.png""]"
cahier-t1-136,53,Ligne de plot,Dribble,Dribble,Tous niveaux,8-12 min,1 ballon par joueur / 4 plots,"[""1 travaille sur les 3 plots"", ""Sé décale en face le 4ème plot arrive lancé et va tirer""]","[""Varier les finitions et les changements de dribble""]","[""schemas/exo_136_p53_ligne-de-plot.png""]"
cahier-t1-137,53,Ligne de plot - 2,Dribble,Dribble,Tous niveaux,8-12 min,1 ballon par joueur / 8 plots,"[""1 travaille sur les 3 plots"", ""Sé décale en face le 4ème plot arrive lancé et va tirer""]","[""Varier les finitions et les changements de dribble""]","[""schemas/exo_137_p53_ligne-de-plot-2.png""]"
cahier-t1-138,53,5 plots,Dribble,Dribble,Tous niveaux,8-12 min,1 ballon par joueur / 5 plots,"[""1 travaille sur 3 plots"", ""A la sortie du 3ème plot il enchaine sur une finition""]","[""Varier les finitions et les changements de dribble""]","[""schemas/exo_138_p53_5-plots.png""]"
cahier-t1-139,53,Dribble de recul,Dribble,Dribble,Tous niveaux,8-12 min,1 ballon par joueur / 10 plots,"[""1 avance jusqu’au plot bord raquette"", ""1 dribble de recul jusqu’au plot à 3pts à 45°"", ""1 avance jusqu’au plot bord raquette elbow"", ""1 recul jusqu’au plot à 3 pts dans l’axe""]",[],"[""schemas/exo_139_p53_dribble-de-recul.png""]"
cahier-t1-140,54,Dribble de contre-attaque,Dribble,Dribble,Tous niveaux,8-12 min,2 colonnes / 1 ballon par joueur,"[""Slalom de dribble avec un ballon"", ""Finition en lay-up avec un ballon"", ""Mettre un contrat sur le nombre de dribble""]","[""Varier les finitions, mettre des changements de dribble""]","[""schemas/exo_140_p54_dribble-de-contre-attaque.png""]"
cahier-t1-141,54,Dribble 2 ballons,Dribble,Dribble,Tous niveaux,8-12 min,2 colonnes / 2 ballons par joueur,"[""Slalom de dribble avec deux ballons"", ""Finition en lay-up avec un ballon""]","[""Varier les finitions, mettre des changements de dribble""]","[""schemas/exo_141_p54_dribble-2-ballons.png""]"
cahier-t1-142,54,Dribble de contre-attaque,Dribble,Dribble,Tous niveaux,8-12 min,4 ballons / 5 dribbles pour traverser le terrain,"[""1 part en dribble pour tirer sur le panier d’en face et reviens"", ""Les départs sont différés"", ""5 prend le rebond sur le deuxième tir de 1 et fait la même chose"", ""X paniers de chaque côté""]",[],"[""schemas/exo_142_p54_dribble-de-contre-attaque.png""]"
cahier-t1-143,54,Slalom,Dribble,Dribble,Tous niveaux,8-12 min,1 ballon par joueur / 7 plots,"[""Slalom de plot"", ""Finir par un tir au panier""]","[""Varier les dribbles et les finitions""]","[""schemas/exo_143_p54_slalom.png""]"
cahier-t1-144,56,Close out tir 1,Défense,Close Out,Intermédiaire,10-15 min,Travail 1/2 terrain / 1 ballon par joueur,"[""D6 va défendre sur A1 2.Les passeurs font la passe aux joueurs à 45° lorsque le défenseur passe l’axe panier panier 3.Une fois que j’ai attaqué je vais défendre""]","[""Tant que j’encaisse je continue de défendre""]","[""schemas/exo_144_p56_close-out-tir-1.png""]"
cahier-t1-145,56,Close out joueur intérieur,Défense,Close Out,Intermédiaire,10-15 min,"3 colonnes, le ballon démarre sur le Coach","[""C passe à 1 celui ci drive ligne de fond, Le défenseur (3) travail de close out et orientation ligne de fond"", ""Une fois le drive stoppé ,1 renvoie le ballon à C qui fait extra passe sur 2"", ""3 enchaine un deuxième close out sur 2""]",[],"[""schemas/exo_145_p56_close-out-joueur-interieur.png""]"
cahier-t1-146,56,Close out à 4,Défense,Close Out,Intermédiaire,10-15 min,Départ 1/2 terrain / 1 ballon / 4vs4,"[""D1 passe à terre à A1 puis va défendre sur A1"", ""A1 extra passe a A2, A2 soit tir soit attaquer le close out de D2"", ""Si l’attaque marque elle conserve, si la défense prend rebond on part sur un aller retour et on inversera les positions de départ""]",[],"[""schemas/exo_146_p56_close-out-a-4.png""]"
cahier-t1-147,57,Close out + aide,Défense,Close Out,Intermédiaire,10-15 min,1 ballon / 3 Défenseurs sur la ligne de fond / 3 attaquants sur le terrain,"[""D1 passe à D2 puis va défendre sur A1"", ""D2 passe à D3 puis va défendre sur A2"", ""D3 passe à A1 puis va défendre sur A3"", ""A1 passe à A2"", ""A2 passe à A3 pour qu’il joue son 1 v 1""]","[""Close Out + rebond""]","[""schemas/exo_147_p57_close-out-aide.png""]"
cahier-t1-148,57,Close out + rebond,Défense,Close Out,Intermédiaire,10-15 min,1 ballon / 3 Défenseurs sur la ligne de fond / 3 attaquants sur le terrain,"[""D1 passe à D2 puis va défendre sur A1"", ""D2 passe à D3 puis va défendre sur A2"", ""D3 passe à A1 puis va défendre sur A3"", ""A1 passe à A2"", ""A2 passe à A3 pour qu’il tire"", ""Les défenseurs font écran retard sur les attaquants""]",[],"[""schemas/exo_148_p57_close-out-rebond.png""]"
cahier-t1-149,57,Close out,Défense,Close Out,Intermédiaire,10-15 min,1 ballon par groupe / groupe de 4,"[""A1 passe à 2 puis va défendre sur lui"", ""A1 réalise un close out puis se met en position défensive"", ""A2 fait bouger doucement le ballon, balle sur la hanche A1 est à une distance d’un bras, balle au dessus de la tête A1 est à une distance d’un demi bras"", ""A2 réalise la même chose avec A3""]",[],"[""schemas/exo_149_p57_close-out.png""]"
cahier-t1-150,57,Close out + 1vs1,Défense,Close Out,Intermédiaire,10-15 min,Travail 1/2 terrain / 1 ballon / 3 attaquants / 1 défenseur,"[""Le défenseur part de la zone de non charge. Il passe au premier joueur puis va défendre. 2.Il réitère la même chose sur Attaquant 2 et Attaquant 3 3.Une fois qu’il a défendu les 3 1vs1 tout le monde se décale d’un poste.""]",[],"[""schemas/exo_150_p57_close-out-1vs1.png""]"
cahier-t1-151,58,Changement de statut,Défense,Défense,Intermédiaire,10-15 min,1 ballon / 1 joueur en défense / 3 attaquants,"[""D2 défend sur la balle,"", ""A1 passe à A4, D2 viens remplir l’espace"", ""A4 passe à A1, D2 reprend le porteur de balle…""]",[],"[""schemas/exo_151_p58_changement-de-statut.png""]"
cahier-t1-152,58,Rotation à 2,Défense,Défense,Intermédiaire,10-15 min,"Groupe de 5, 3 attaquants / 2 défenseurs","[""A1 passe au joueur qu’il souhaite, le défenseur en aide (D2) va sur le joueur qui reçoit le ballon"", ""D1 se replace entre les deux attaquants sans ballon"", ""A2 passe au joueur qu’il souhaite, le défenseur en aide (D1) va sur le joueur qui reçoit le ballon…""]",[],"[""schemas/exo_152_p58_rotation-a-2.png""]"
cahier-t1-153,58,Prise à 2,Défense,Défense,Intermédiaire,10-15 min,"Groupe de 6, 3 attaquants / 3 défenseurs","[""A1 passe au joueur qu’il souhaite, le défenseur en aide (D3) va sur le joueur qui reçoit le ballon avec un des deux défenseurs qui étaient sur la prise à 2 (celui côté de la passe)"", ""D1 se replace entre les deux attaquants sans ballon, D2 et D3 font une prise à 2"", ""A2 passe au joueur qu’il souhaite, le défenseur en aide (D1) va sur le joueur qui reçoit le ballon…""]",[],"[""schemas/exo_153_p58_prise-a-2.png""]"
cahier-t1-154,58,Aides + rebond,Défense,Défense,Intermédiaire,10-15 min,"1 ballon / 3 attaquants, 2 défenseurs","[""A1 démarre avec le ballon D1 est en position défensive sur A1, A5 est dans le poste bas, D5 défend 3/4 pour contester l’arrivée du ballon"", ""A1 fait la passe à 3 qui attaque la raquette, D5 va en aide pour empêcher A3 de rentrer dans la zone restrictive, D1 lui vient sur A5 pour l’aide de l’aide"", ""3 recule puis refait une passe à A1 qui tire"", ""D1 et D5 font écran retard sur leur joueur respectif""]",[],"[""schemas/exo_154_p58_aides-rebond.png""]"
cahier-t1-155,59,Rotation en x,Défense,Défense,Intermédiaire,10-15 min,1 ballon / 4 v 4,"[""A1 commence avec la balle, D1 est derrière A1"", ""D2 et D3 sont en aide"", ""A1 commence par faire une passe soit à A2 soit à A3"", ""D3 prend la première passe, D2 prend le deuxième joueur"", ""On joue a partir de la première passe""]",[],"[""schemas/exo_155_p59_rotation-en-x.png""]"
cahier-t1-156,59,Slide x4,Défense,Défense,Intermédiaire,10-15 min,1 ballon par groupe de 4,"[""Travail en coopération"", ""D1 défend sur A1 jusqu’au milieu de terrain"", ""Arrivé au milieu de terrain A1 fait la passe à A2, D1 sprinte pour retourner défendre sur A2 4.D1 fait la même chose avec A3 puis on change de défenseur""]",[],"[""schemas/exo_156_p59_slide-x4.png""]"
cahier-t1-157,59,Rebond - 4,Défense,Défense,Intermédiaire,10-15 min,1 ballon par groupe de 4,"[""Travail en coopération"", ""D1 défend sur A1 jusqu’au 3/4 de terrain"", ""Arrivé au 3/4 de terrain, check ball à 45° puis 1 v 1""]",[],"[""schemas/exo_157_p59_rebond-4.png""]"
cahier-t1-158,60,Jump close out,Défense,Défense,Intermédiaire,10-15 min,Répartir les joueurs en 2 équipes / 2x5min,"[""1 fait la passe à 2, close out sur le plot puis slide pour aller dans la colonne 2"", ""2 fait la passe à 1, course jump sur le panier puis slide pour aller dans la colonne 1""]",[],"[""schemas/exo_158_p60_jump-close-out.png""]"
cahier-t1-159,60,Circuit close out,Défense,Défense,Intermédiaire,10-15 min,Répartir les joueurs en 2 colonnes,"[""Sprint / close out pour avancer"", ""Slide dans la latéralité""]",[],"[""schemas/exo_159_p60_circuit-close-out.png""]"
cahier-t1-160,60,Carré défensif,Défense,Défense,Intermédiaire,10-15 min,"Créer des carrés, 1 temps de travail ,1 temps de récupération","[""Diagonale sprint"", ""Slide défensif"", ""Diagonale sprint"", ""Slide défensif"", ""Course avant"", ""Slide défensif"", ""Course arrière"", ""Aller - retour l’exercice se termine quand je reviens a mon plot de départ""]",[],"[""schemas/exo_160_p60_carre-defensif.png""]"
cahier-t1-161,60,T Défensif,Défense,Défense,Intermédiaire,10-15 min,1 Joueur / 4 plots,"[""Démarrer sur le plot du bas"", ""Sprint avant"", ""Slide d’un côté"", ""Slide jusque l’autre côté"", ""Revenir au plot du milieu"", ""Puis course arrière jusqu’au plot de départ""]",[],"[""schemas/exo_161_p60_t-defensif.png""]"
cahier-t1-162,62,Shooting drill,Tir,Tir,Tous niveaux,10-15 min,5 ballons / groupe de 6 ou plus,"[""Les joueurs commencent par réaliser des gammes en tournant autour de la zone de non charge"", ""Les joueurs tournent plus loin (ligne des LF)"", ""Les joueurs montent jusqu’à la ligne à 3pts""]","[""Varier les finitions, tir intérieur et tir extérieur""]","[""schemas/exo_162_p62_shooting-drill.png""]"
cahier-t1-163,62,2 V 1,Tir,Tir,Tous niveaux,10-15 min,Travail 1/4 terrain / 1 ballon / 3 joueurs,"[""Le défenseur (3) part de la raquette. Il passe au joueur qu’il veut et va défendre 2.Le joueur 2 et 3 ont le droit à une passe pour trouver un tir (pas le droit au dribble) 3.Si les attaquants marquent le défenseur reste en défense si le tir est loupé le shooteur devient défenseur""]",[],"[""schemas/exo_163_p62_2-v-1.png""]"
cahier-t1-164,62,2 v 1 + 1,Tir,Tir,Tous niveaux,10-15 min,Travail1/4 terrain / 1 ballon / 3 joueurs,"[""Le défenseur (3) part de la raquette. Il passe au joueur qu’il veut et va défendre avec 4 2.Le joueur 2 et 3 ont le droit à une passe pour trouver un tir (pas le droit au dribble) 3.Si les attaquants marquent le défenseur reste en défense si le tir est loupé le shooteur devient défenseur""]",[],"[""schemas/exo_164_p62_2-v-1-1.png""]"
cahier-t1-165,62,Rien ne se perd,Tir,Tir,Tous niveaux,10-15 min,1 ballon / 2 joueurs,"[""Concours entre deux joueurs 2.Premier à 50pts 3.Si je marque je gagne la valeur de mon panier si je loupe l’adversaire récupère la valeur du panier""]",[],"[""schemas/exo_165_p62_rien-ne-se-perd.png""]"
cahier-t1-166,63,Stay focus,Tir,Tir,Tous niveaux,10-15 min,1 ballon / 2 joueurs,"[""Course entre deux joueurs 2.Objectif : mettre deux paniers par position 3.Après chaque tir je vais toucher le milieu de terrain, si j’en loupe deux d’affilé je touche la ligne de fond""]",[],"[""schemas/exo_166_p63_stay-focus.png""]"
cahier-t1-167,63,2 tirs - 1,Tir,Tir,Tous niveaux,10-15 min,2 ballons / groupe de 2,"[""Le joueur 1 démarre dans le rond central avec 2 ballons"", ""Le joueur 1 avance jusqu’à la ligne à 3pts en dribble, fait une passe dans le dribble à 2"", ""Après sa passe il enchaine un stop tir d’un côté puis un catch and shoot de l’autre""]","[""varier l’enchainement du stop tir""]","[""schemas/exo_167_p63_2-tirs-1.png""]"
cahier-t1-168,63,Concours de tir,Tir,Tir,Tous niveaux,10-15 min,2 ballons par équipe / 2 équipes,"[""Shoot et suivre"", ""10 paniers par plot""]","[""Rajouter un tir du milieu de terrain ( fun)""]","[""schemas/exo_168_p63_concours-de-tir.png""]"
cahier-t1-169,63,3 min X 3,Tir,Tir,Tous niveaux,10-15 min,2 ballons / 3 joueurs,"[""1 shooter, 1 rebondir, 1 passeur"", ""Le même joueur tir pendant 3 minutes""]",[],"[""schemas/exo_169_p63_3-min-x-3.png""]"
cahier-t1-170,64,6 min,Tir,Tir,Tous niveaux,10-15 min,1 ballon pour 2,"[""Le même joueur tire pendant 30 sec avant de changer"", ""30/30 pendant 6 min"", ""Tirer dans son secteur""]",[],"[""schemas/exo_170_p64_6-min.png""]"
cahier-t1-171,64,Tir haut / bas,Tir,Tir,Tous niveaux,10-15 min,1 ballon par joueur / 2 colonnes / répartir les joueurs dans les 2 colonnes,"[""2 équilibre par le haut et reçoit de 1 pour tirer"", ""1 après ça passe coupe pour aller dans le corner opposé et tirer""]","[""Changer le côté""]","[""schemas/exo_171_p64_tir-haut-bas.png""]"
cahier-t1-172,64,Tir haut / bas - 2,Tir,Tir,Tous niveaux,10-15 min,1 Ballon par joueur (sauf le premier) / répartir les joueurs en 2 colonnes,"[""2 descend corner pour recevoir de 1"", ""1 remonte en profitant d’un écran, recevoir de 4 et tirer"", ""4 descend corner pour recevoir de 3""]","[""Les tirs, les appuis""]","[""schemas/exo_172_p64_tir-haut-bas-2.png""]"
cahier-t1-173,64,Shoot avec du retard,Tir,Tir,Tous niveaux,10-15 min,Ballons colonne 1 et 2 / répartir les joueurs en trois colonnes,"[""1 va tirer en lay-up"", ""Quand 1 a tiré, 2 attaque, 3 se décale corner pour ouvrir l’angle de passe"", ""2 fait la passe à 3, 1 après son tir va se mettre en opposition sur 3""]",[],"[""schemas/exo_173_p64_shoot-avec-du-retard.png""]"
cahier-t1-174,65,Shoot avec du retard - 1,Tir,Tir,Tous niveaux,10-15 min,"Répartir les joueurs en 3 colonnes, mettre les ballons dans la colonne 1","[""Enchainement de passes 1 -> 3 -> 2 -> 1 2.1 se démarque à 0°, 3 après sa passe va défendre sur 1""]",[],"[""schemas/exo_174_p65_shoot-avec-du-retard-1.png""]"
cahier-t1-175,65,Shoot avec du retard - 2,Tir,Tir,Tous niveaux,10-15 min,"Répartir les joueurs en 3 colonnes, mettre les ballons dans la colonne 1","[""Enchainement de passes 1 -> 3 -> 2"", ""1 va défendre sur 2""]",[],"[""schemas/exo_175_p65_shoot-avec-du-retard-2.png""]"
cahier-t1-176,65,Shoot avec du retard - 3,Tir,Tir,Tous niveaux,10-15 min,1 ballon / répartir les joueurs en deux colonnes,"[""Le premier joueur a le ballon, il passe au coach puis contourne les 2 plots haut pour tirer"", ""Le défenseur tourne sous le plot le plus bas puis va défendre""]","[""Largeur des plots, joueur avec le ballon""]","[""schemas/exo_176_p65_shoot-avec-du-retard-3.png""]"
cahier-t1-177,65,Shoot avec du retard - 4,Tir,Tir,Tous niveaux,10-15 min,1 ballon / 2 joueurs,"[""Le coach a le ballon, il donne le signal de départ"", ""L’attaquant passe sous le plot de son côté"", ""Le défenseur passe autour de son plot plus celui coeur de raquette avant d’aller défendre""]",[],"[""schemas/exo_177_p65_shoot-avec-du-retard-4.png""]"
cahier-t1-178,66,Enchainement de tirs,Tir,Tir,Tous niveaux,10-15 min,Ballons dans la colonne 1 et 3 / les intérieurs en colonne 1 les extérieurs en colonne 2 et 3,"[""1 passe à 2 et monte dans l’axe à 3pts"", ""2 fait la passe, va jouer un main à main et joue un repick"", ""2 fait la passe à 1 sur le pick & roll"", ""3 drive vers le milieu et fait la passe à 2 qui s’est décalé à 0°"", ""Après son tir 1 remonte en dribble à 45° pour jouer un main à main avec 3"", ""3 remonte jouer le main à main avec 1 et enchaine un tir""]","[""Enchainement de tir - 2""]","[""schemas/exo_178_p66_enchainement-de-tirs.png""]"
cahier-t1-179,67,Ouverture pick - 1,Tir,Tir,Confirmé,10-15 min,1 ballon par joueur,"[""Le premier joueur n’a pas de ballon, il va poser un écran sur le plot puis ouvre et reçoit du second"", ""Le second enchaine le même mouvement""]","[""Les finitions, les ouvertures""]","[""schemas/exo_179_p67_ouverture-pick-1.png""]"
cahier-t1-180,67,Ouverture pick - 2,Tir,Tir,Confirmé,10-15 min,1 ballon par joueur,"[""Le premier joueur n’a pas de ballon, il va poser un écran sur le plot puis ouvre et reçoit du second"", ""Le second enchaine le même mouvement""]","[""Les finitions, les ouvertures""]","[""schemas/exo_180_p67_ouverture-pick-2.png""]"
cahier-t1-181,67,Travail par poste Intérieur - 1,Tir,Tir,Tous niveaux,10-15 min,1 ballon par joueur / Mettre les joueurs en file indienne,"[""4 descend face au plot, pivote pour se mettre face à 5"", ""5 fait la passe à 4"", ""4 enchaine un tir"", ""5 descend pour réaliser la même chose""]","[""Les finitions""]","[""schemas/exo_181_p67_travail-par-poste-interieur-1.png""]"
cahier-t1-182,67,Travail par poste Intérieur - 2,Tir,Tir,Tous niveaux,10-15 min,1 ballon par joueur / Mettre les joueurs en file indienne,"[""4 passe au coach puis descend poste bas et pivote pour se mettre face à celui-ci"", ""C fait la passe à 4"", ""4 enchaine un moove"", ""5 passe puis descend pour réaliser la même chose""]","[""Les finitions, les mooves""]","[""schemas/exo_182_p67_travail-par-poste-interieur-2.png""]"
cahier-t1-183,68,Enchainement de tirs - 1,Tir,Tir,Tous niveaux,10-15 min,1 ballon par joueur / 3 colonnes / répartir les joueurs dans les 3 colonnes,"[""2 passe à C puis coupe au panier en back door"", ""3 descend en dribble à 45° passe à 2 puis coupe pour aller poste haut opposé"", ""1 descend en dribble passe à 3 puis va récupérer le ballon de C sur un main à main pour tirer""]","[""Changer les déplacements (cf : voir enchainement de tir 2)""]","[""schemas/exo_183_p68_enchainement-de-tirs-1.png""]"
cahier-t1-184,68,Enchainement de tirs - 2,Tir,Tir,Tous niveaux,10-15 min,1 ballon par joueur / 3 colonnes / répartir les joueurs dans les 3 colonnes,"[""2 passe à C puis coupe au panier en back door"", ""3 descend en dribble à 45° passe à 2 puis coupe Corner opposé"", ""1 descend en dribble passe à 3 puis va récupérer le ballon de C sur un main à main pour tirer""]",[],"[""schemas/exo_184_p68_enchainement-de-tirs-2.png""]"
cahier-t1-185,68,Enchainement de tirs - 3,Tir,Tir,Tous niveaux,10-15 min,3 colonnes / Ballons dans les colonnes 1 et 3,"[""1 passe à 2 puis joue le passe et va"", ""2 après avoir redonné à 1 se démarque pour venir tirer dans l’axe"", ""1 prend son propre rebond et donne à 3 qui s’est décalé corner""]",[],"[""schemas/exo_185_p68_enchainement-de-tirs-3.png""]"
cahier-t1-186,68,Enchainement de tirs - 4,Tir,Tir,Tous niveaux,10-15 min,1 ballon par joueur / répartir les joueurs en deux colonnes,"[""Les deux premiers joueurs partent en dribble et monte à 45°"", ""2 passe au Coach puis coupe"", ""1 passe à 2 puis coupe pour recevoir du coach""]","[""Les finitions, les passes""]","[""schemas/exo_186_p68_enchainement-de-tirs-4.png""]"
cahier-t1-187,69,Enchainement de tirs - 5,Tir,Tir,Tous niveaux,10-15 min,1 ballon par joueur / répartir les joueurs en deux colonnes,"[""Le joueur 1 fait la passe au coach puis se démarque opposé au joueur 2"", ""2 lui fait la passe, 1 tir"", ""Après sa passe à 1, 2 utilise un flare screen pour tirer avec une passe du coach""]","[""Enchainement de tir 6""]","[""schemas/exo_187_p69_enchainement-de-tirs-5.png""]"
cahier-t1-188,69,Enchainement de tirs - 6,Tir,Tir,Tous niveaux,10-15 min,1 ballon par joueur / répartir les joueurs en deux colonnes,"[""Le joueur 1 fait la passe au Coach, se démarque côté du joueur 2"", ""2 lui fait la passe, 1 drive ligne de fond, s’arrête et fait la passe de secours à 2"", ""Après sa passe ,1 ressort à l’opposé pour tirer avec une passe du coach""]","[""Enchainement de tir 7""]","[""schemas/exo_188_p69_enchainement-de-tirs-6.png""]"
cahier-t1-189,69,Enchainement de tirs - 7,Tir,Tir,Tous niveaux,10-15 min,1 ballon par joueur / répartir les joueurs en deux colonnes,"[""Le joueur 1 fait la passe au Coach, se démarque opposé au joueur 2"", ""2 lui fait la passe, 1 drive sur le milieu, 2 se décale à 45° pour prendre un tir"", ""Après sa passe,1 ressort corner pour tirer avec une passe du coach""]",[],"[""schemas/exo_189_p69_enchainement-de-tirs-7.png""]"
cahier-t1-190,70,Tir main à main - 1,Tir,Tir,Tous niveaux,10-15 min,1 ballon par joueur / 1 colonne,"[""passe au coach puis main à main et drive"", ""passe au coach puis main à main et stop tir"", ""passe au coach puis main à main et tir à 3pts""]","[""Tir main à main 2""]","[""schemas/exo_190_p70_tir-main-a-main-1.png""]"
cahier-t1-191,70,Tir main à main - 2,Tir,Tir,Tous niveaux,10-15 min,1 ballon par joueur / 2 colonnes,"[""2 passe au coach se démarque, 1 descend en dribble et va jouer le main à main avec 2"", ""2 tir en C&S sortie de main à main"", ""1 va jouer un deuxième main à main avec le coach et prend un stop tir""]",[],"[""schemas/exo_191_p70_tir-main-a-main-2.png""]"
cahier-t1-192,70,Tir main à main - 3,Tir,Tir,Tous niveaux,10-15 min,1 ballon par joueur / 2 colonnes,"[""1 dribble vers 2 pour jouer le main à main"", ""Après son main à main 1 flare corner et reçoit de 4""]","[""Les finitions (proche du cercle, stop tir, passe sur le flair)""]","[""schemas/exo_192_p70_tir-main-a-main-3.png""]"
cahier-t1-193,70,Tir main à main - 4,Tir,Tir,Tous niveaux,10-15 min,Ballons dans la colonnes du milieu / répartir les joueurs en 3 colonnes,"[""3 drive pour jouer le main à main avec 1 puis va prendre sa place"", ""4 drive pour jouer le main à main avec 2 puis va prendre sa place""]","[""Les finitions (proche du cercle, stop tir, passe sur le flair)""]","[""schemas/exo_193_p70_tir-main-a-main-4.png""]"
cahier-t1-194,71,Tir main à main - 5,Tir,Tir,Tous niveaux,10-15 min,Ballons dans les colonnes 1 et 3 / répartir les joueurs en 3 colonnes,"[""1 drive pour jouer le main à main avec 2"", ""2 drive sur un dribble puis passe à 1 qui tire"", ""Après sa passe 2 va jouer un main à main avec 3"", ""2 stop tir en sortie de main à main"", ""3 après le main à main ressort à 3 pts et reçoit le ballon de 1 pour tirer""]","[""Tir main à main - 6""]","[""schemas/exo_194_p71_tir-main-a-main-5.png""]"
cahier-t1-195,71,Tir main à main - 6,Tir,Tir,Tous niveaux,10-15 min,Ballons dans les colonnes 1 et 3 / répartir les joueurs en 3 colonnes,"[""1 drive pour jouer le main à main avec 2"", ""2 drive sur un dribble puis passe à 1 qui tire"", ""Après sa passe 2 ressort à 3 pts"", ""3 lui fait la passe"", ""2 drive pour jouer main à main avec 3"", ""3 stop tir en sortie de main à main"", ""2 descend corner après le main à main reçoit de 1 et tir""]",[],"[""schemas/exo_195_p71_tir-main-a-main-6.png""]"
cahier-t1-196,72,Pick under,Tir,Tir,Confirmé,10-15 min,1 ballon par groupe de 2,"[""Les deux joueurs partent en tenant le ballon"", ""1 prend le ballon et passe au dessus des plots"", ""2 passe en dessous des plots"", ""1 doit tirer avant que 2 n’arrive""]",[],"[""schemas/exo_196_p72_pick-under.png""]"
cahier-t1-197,72,Pick protect,Tir,Tir,Confirmé,10-15 min,1 ballon par groupe de 2,"[""Les deux joueurs partent en tenant le ballon"", ""1 prend le ballon et passe au dessus des plots"", ""2 suit 1"", ""1 doit réussir a prendre un tir extérieur""]",[],"[""schemas/exo_197_p72_pick-protect.png""]"
cahier-t1-198,72,Tir dans le dos du pick,Tir,Tir,Confirmé,10-15 min,1 ballon / répartir les joueurs en 4 colonnes,"[""Les 1 ont le ballon, ils utilisent le pick"", ""On imagine une défense sur le pick et on fait la passe sur 2 qui remonte dans le dos"", ""2 attrape le ballon et tir""]","[""Les défenses fictives sur pick, les finitions""]","[""schemas/exo_198_p72_tir-dans-le-dos-du-pick.png""]"
cahier-t1-199,72,Fondamentaux,Tir,Tir,Tous niveaux,10-15 min,1 ballon par joueur / Mettre deux joueurs (2 et 4) aux plots et répartir les autres joueurs en deux colonnes / premier joueur sans ballon,"[""1 et 3 courent jusqu’au plot d’en face"", ""Ils reçoivent le ballon des premiers joueurs des colonnes et attaquent le milieu"", ""2 et 4 bougent en fonction du ballon"", ""1 fait la passe à 2 et va prendre sa place, 3 fait la passe à 4 et va prendre sa place, 2 et 4 tirent puis vont dans la colonne ballon (1->2->3->4)""]",[],"[""schemas/exo_199_p72_fondamentaux.png""]"
cahier-t1-200,73,Code de jeu / sortie d’écran - 1,Tir,Tir,Confirmé,10-15 min,"2 colonnes, le premier de la colonne 2 n’a pas de ballon","[""1 drive ligne de fond = déplacement vers le corner de 2"", ""2 tire, 1 remonte pour prendre un tir ou stop tir""]","[""Code de jeu / sortie d’écran 2""]","[""schemas/exo_200_p73_code-de-jeu-sortie-decran-1.png""]"
cahier-t1-201,73,Code de jeu / sortie d’écran - 2,Tir,Tir,Confirmé,10-15 min,"2 colonnes, le premier de la colonne 2 n’a pas de ballon","[""1 drive ligne de fond = déplacement vers le corner de 2"", ""2 remonte en dribble, 1 sort dans le corner pour prendre le tir"", ""2 remonte dans l’axe, reçoit de la colonne 2 et enchaine soit un tir soit un stop tir""]",[],"[""schemas/exo_201_p73_code-de-jeu-sortie-decran-2.png""]"
cahier-t1-202,73,Tir autour du pick,Tir,Tir,Confirmé,10-15 min,Ballon Colonne 2 et 4 / Répartir les joueurs en deux colonnes,"[""4 passe à C puis descend poste bas"", ""C passe à 4"", ""1 remonte à 45°, 4 skip passe sur 1"", ""4 après sa passe court pour aller poser écran"", ""1 joue le pick and roll avec 4"", ""1 passe à 4 pour un tir, 2 passe à 1 pour tirer""]","[""Pop des grands, 2 passe à 4 et 1 prend le tir""]","[""schemas/exo_202_p73_tir-autour-du-pick.png""]"
cahier-t1-203,74,Premier à 10,Tir,Tir,Tous niveaux,10-15 min,7 Joueurs / 4 ballons,"[""Premier joueur à 10 paniers 2.Le gagnant reste, les 3 autres vont au rebond""]",[],"[""schemas/exo_203_p74_premier-a-10.png""]"
cahier-t1-204,74,Cagnotte 3 points,Tir,Tir,Tous niveaux,10-15 min,1 ballon / joueur,"[""Les joueurs partent avec un capital de X points"", ""On compte le nombre de paniers et celui qui loupe déduit le nombre de paniers de son capital départ""]",[],"[""schemas/exo_204_p74_cagnotte-3-points.png""]"
cahier-t1-205,74,Cagnotte lF,Tir,Tir,Tous niveaux,10-15 min,1 ballon / joueur,"[""Les joueurs partent avec un capital de X points"", ""On compte le nombre de paniers et celui qui loupe déduit le nombre de paniers de son capital départ""]",[],"[""schemas/exo_205_p74_cagnotte-lf.png""]"
cahier-t1-206,74,Cagnotte Stagger,Tir,Tir,Tous niveaux,10-15 min,"Répartir les joueurs en 2 colonnes, mettre les ballons dans la colonne 1","[""Colonne 1 avec ballon, colonne 2 shooter"", ""Chaque joueur commence avec X pts, un panier marque = 1 pts celui qui loupe déduit de sa cagnotte le nombre de panier marqué (pts)""]","[""Le jeu peut être fait de plein de manière il suffit de trouvé une situation""]","[""schemas/exo_206_p74_cagnotte-stagger.png""]"
cahier-t1-207,76,3 v 1,Jeu rapide,Jeu Rapide,Intermédiaire,12-18 min,Travail tout terrain / 1 ballon / ligne de 3,"[""3vs1 en vague"", ""Les joueurs en attente sont placés corner"", ""Première équipe à 3 manches de 3 paniers. (quand une équipe gagne une manche, tout le monde redémarre à 0)""]","[""Faire la même chose à 3 v 2""]","[""schemas/exo_207_p76_3-v-1.png""]"
cahier-t1-208,76,3 v 2,Jeu rapide,Jeu Rapide,Intermédiaire,12-18 min,Travail tout terrain / 1 ballon / X équipes de 3,"[""3vs2 en vague 2.Les joueurs en attente sont placés prolongement de la ligne des LF 3.Première équipe à 3 manches de 3paniers. (quand une équipe gagne une manche ,tout le monde redémarre à 0)""]","[""Faire la même chose à 3vs3""]","[""schemas/exo_208_p76_3-v-2.png""]"
cahier-t1-209,76,2 V 1 ; 3 v 2,Jeu rapide,Jeu Rapide,Intermédiaire,12-18 min,Travail tout terrain / 1 ballon / 2 équipes,"[""L’équipe A attaquée 2vs1, l’équipe B attaque en 3vs2"", ""2vs1 : 2 joueurs entrent pour attaquer contre un défenseur"", ""3vs2 : le défenseur du 2vs1 plus 2 joueurs du côté attaque contre les 2 qui viennent d’attaquer le 2vs1""]",[],"[""schemas/exo_209_p76_2-v-1-3-v-2.png""]"
cahier-t1-210,76,+2,Jeu rapide,Jeu Rapide,Intermédiaire,12-18 min,1 ballon / 2 équipes,"[""Equipe Bleue commence en 2 V 1"", ""Equipe rouge repart en 3 v 2"", ""Equipe Bleu repart en 4 v 3"", ""Equipe rouge repart en 5 v 4 5.Equipe Bleue repart en 5 v 5""]",[],"[""schemas/exo_210_p76_2.png""]"
cahier-t1-211,77,Plus vite pour plus de point,Jeu rapide,Jeu Rapide,Intermédiaire,12-18 min,1 ballon / 2 équipes,"[""Départ sur un LF (1pts si marqué du premier essai)"", ""1 Aller et 1 retour"", ""Si panier entre : 0-6 = Valeur du panier +3 6-12 = Valeur du panier + 2 12-24 = Valeur du panier""]",[],"[""schemas/exo_211_p77_plus-vite-pour-plus-de-point.png""]"
cahier-t1-212,77,2 v 1,Jeu rapide,Jeu Rapide,Intermédiaire,12-18 min,3 attaquants / 3 défenseurs,"[""3 attaquants tournent autour du rond central / 3 défenseurs placés sur la longueur du terrain"", ""Lorsque le coach passe la balle, les trois attaquants attaquent à 3 contre 1+1+1"", ""Les défenseurs reviennent en sprint""]",[],"[""schemas/exo_212_p77_2-v-1.png""]"
cahier-t1-213,77,Prends soin du ballon,Jeu rapide,Jeu Rapide,Intermédiaire,12-18 min,Travail tout terrain / 1 ballon / 2 équipes,"[""L’équipe A attaque jusqu’à ce que l’équipe B réalise un stop défensif. 2.5v0, 5v1, 5v2… sur chaque aller un défenseur rentre en défense"", ""Pas de dribble jusqu’au 5vs3""]",[],"[""schemas/exo_213_p77_prends-soin-du-ballon.png""]"
cahier-t1-214,77,Surnombre et jeu égal,Jeu rapide,Jeu Rapide,Intermédiaire,12-18 min,Travail tout terrain / 1 ballon / 2 équipes,"[""Une équipe jouera en surnombre, l’autre attaquera à nombre égal 2.1v0, 1v1, 2v1, 2v2… 3.Manche en X pts""]",[],"[""schemas/exo_214_p77_surnombre-et-jeu-egal.png""]"
cahier-t1-215,78,3 v 2 + 1,Jeu rapide,Jeu Rapide,Intermédiaire,12-18 min,1 ballon / 2 équipes,"[""3 défenseurs alignés en face de 3 attaquants"", ""1 défenseur (D2) passe à l’attaquant de son choix"", ""Le défenseur en face l’attaquant qui reçoit le ballon va toucher la ligne de fond et revient défendre 4.Retour en 3 v 3""]","[""4 V 3 + 1""]","[""schemas/exo_215_p78_3-v-2-1.png""]"
cahier-t1-216,78,4 v 3 + 1,Jeu rapide,Jeu Rapide,Intermédiaire,12-18 min,1 ballon / 2 équipes,"[""4 défenseurs alignés en face de 4 attaquants"", ""1 défenseur (D2) passe à l’attaquant de son choix"", ""Le défenseur en face l’attaquant qui reçoit le ballon va toucher la ligne de fond et revient défendre 4.Retour en 4 v 4""]",[],"[""schemas/exo_216_p78_4-v-3-1.png""]"
cahier-t1-217,78,4 v 3 ; 3 V 1,Jeu rapide,Jeu Rapide,Intermédiaire,12-18 min,1 ballon / 4 v 3 sur le demi terrain puis répartir les autres joueur sur les 3 plots,"[""Les 4 attaquants jouent contre les 3 défenseurs"", ""Le tireur replie contre les 3 qui défendaient"", ""Les 4 repartent contre les 3 premiers joueurs des colonnes au plot""]",[],"[""schemas/exo_217_p78_4-v-3-3-v-1.png""]"
cahier-t1-218,78,Surnombre 1/2 terrain,Jeu rapide,Jeu Rapide,Intermédiaire,12-18 min,1 ballon / répartir les joueurs en trois colonnes,"[""D1 a le ballon et commence par faire une passe"", ""L’attaquant qui reçoit le ballon dribble faire le tour du plot, les deux autres vont faire le tour du plot"", ""D1 défend sur les deux attaquants""]",[],"[""schemas/exo_218_p78_surnombre-1-2-terrain.png""]"
cahier-t1-219,79,4 v 3,Jeu rapide,Jeu Rapide,Intermédiaire,12-18 min,1 ballon / par groupe de 7,"[""Les joueurs enchainent des claquettes jusqu’au signal du Coach"", ""Au signal, s’organiser sur le jeu rapide, 4 v 3 sur un aller""]","[""4 v 3 - 2""]","[""schemas/exo_219_p79_4-v-3.png""]"
cahier-t1-220,79,4 v 3 - 2,Jeu rapide,Jeu Rapide,Intermédiaire,12-18 min,1 ballon / par groupe de 7,"[""Les joueurs enchainent des claquettes jusqu’au signal du Coach"", ""Au signal, s’organiser sur le jeu rapide, 4 v 3 sur l’aller"", ""Au retour le shooteur sort, le passeur touche un repère puis revient (3 v 2 + 1)""]",[],"[""schemas/exo_220_p79_4-v-3-2.png""]"
cahier-t1-221,79,2 V 1 + 1 - 1,Jeu rapide,Jeu Rapide,Intermédiaire,12-18 min,1 ballon / répartir les joueurs en 4 colonnes,"[""A1 a le ballon et décide du départ, D1 part au signal de A1"", ""A1 et D1 doivent faire le tour du plot à 45° avant de revenir sur le panier"", ""A1 a un temps d’avance et doit exploiter le 2v1""]",[],"[""schemas/exo_221_p79_2-v-1-1-1.png""]"
cahier-t1-222,79,2 V 1 + 1 - 2,Jeu rapide,Jeu Rapide,Intermédiaire,12-18 min,1 ballon / Par groupe de 4,"[""A1 part avec le ballon, A2 est poste bas opposé"", ""D1 démarre sur le côté de A1, D2 dans la raquette"", ""Au signal A1 attaque le cercle et joue en fonction de l’aide""]","[""Varier les temps de retard""]","[""schemas/exo_222_p79_2-v-1-1-2.png""]"
cahier-t1-223,80,2 v 1,Jeu rapide,Jeu Rapide,Intermédiaire,12-18 min,1 ballon / répartir les joueurs en trois colonnes,"[""Le Coach à la balle, A1 et A2 se font face, D1 est devant la ligne des LF prêt à défendre"", ""C passe la ballon à l’attaquant qu’il veut, celui qui à le ballon part en dribble, celui qui n’a pas le ballon s’écarte dans le couloir extérieur""]","[""Interdire le dribble ou X dribbles par joueur""]","[""schemas/exo_223_p80_2-v-1.png""]"
cahier-t1-224,80,2 v 1 + 1,Jeu rapide,Jeu Rapide,Intermédiaire,12-18 min,1 ballon / répartir les joueurs en 4 colonnes,"[""Le Coach à la balle, A1 et A2 se font face, D1 est devant la ligne des LF prêt à défendre, D2 est derrière la ligne de fond"", ""C passe la ballon à l’attaquant qu’il veut, celui qui à le ballon part en dribble, celui qui n’a pas le ballon s’écarte dans le couloir extérieur"", ""Les 2 attaquants jouent un 2v1 + 1""]","[""3v2""]","[""schemas/exo_224_p80_2-v-1-1.png""]"
cahier-t1-225,80,3 v 2,Jeu rapide,Jeu Rapide,Intermédiaire,12-18 min,1 ballon / répartir les joueurs en 5 colonnes,"[""Le Coach à la balle, A1, A2 et A3 se font face, D1 est devant la ligne des LF prêt à défendre, D2 est derrière la ligne de fond"", ""C passe la ballon à l’attaquant qu’il veut, celui qui à le ballon part en dribble, ceux qui n’ont pas le ballon courent dans les couloirs,"", ""Les 3 attaquants jouent un 3v2""]",[],"[""schemas/exo_225_p80_3-v-2.png""]"
cahier-t1-226,80,jeu de relance,Jeu rapide,Jeu Rapide,Intermédiaire,12-18 min,1 ballon/ répartir les joueurs en 6 colonnes,"[""1 passe à 2"", ""2 passe à 3 qui va tirer"", ""4 prend le rebond"", ""4 passe à 5"", ""5 pass à 6""]","[""2v2 en vague, j’attaque, je défend, je fait la sortie de balle et je sors""]","[""schemas/exo_226_p80_jeu-de-relance.png""]"
cahier-t1-227,82,15/15 + Tir,Physique,Physique,Tous niveaux,8-15 min,1 ballon / 2 joueurs,"[""15sec d’effort, 15sec de récup"", ""15 sec pour faire 2 allers-retours et prendre un tir lors du deuxième retour"", ""Le deuxième joueur part de la ligne de fond lorsqu’il a fait la passe""]",[],"[""schemas/exo_227_p82_15-15-tir.png""]"
cahier-t1-228,82,Etoile,Physique,Physique,Tous niveaux,8-15 min,1 ballon / 2 joueurs,"[""1 démarre dans l’axe puis change de spot à chaque fois"", ""Tirer toujours à minimum 2 spots"", ""Mettre un contrat de tir marqué ou de tir pris""]",[],"[""schemas/exo_228_p82_etoile.png""]"
cahier-t1-229,82,Change de côté,Physique,Physique,Tous niveaux,8-15 min,,"[""1 change de côté pour aller tirer"", ""Après son tir 1 change d’axe et de côté et recommence"", ""Contrat"", ""Premier à X paniers""]",[],"[""schemas/exo_229_p82_change-de-cote.png""]"
cahier-t1-230,82,Gagne ou continu,Physique,Physique,Tous niveaux,8-15 min,Tout les joueurs sont alignés sur la ligne de fond,"[""Au top départ les joueurs sprintent pour aller en face"", ""Le premier arrivé sort, les autres continuent jusqu’à ce qu’ils gagnent un aller""]","[""Celui qui gagne la première traversée peut décider qu’un aller ne compte pas et faire repartir tout le monde, Rajouter des ballons""]","[""schemas/exo_230_p82_gagne-ou-continu.png""]"
cahier-t1-231,83,Triangle pointe arrière,Physique,Physique,Tous niveaux,8-15 min,1 ballon / 2 joueurs,"[""1 part du plot arrière, avance en course avant pour tirer"", ""Après son tir recule en course arrière puis avance pour aller tirer sur le deuxième plot""]","[""Triangle pointe avant""]","[""schemas/exo_231_p83_triangle-pointe-arriere.png""]"
cahier-t1-232,83,Triangle pointe avant,Physique,Physique,Tous niveaux,8-15 min,1 ballon / 2 joueurs,"[""1 part du plot, avance en course avant puis recule au deuxième plot pour tirer"", ""Après son tir, avance en course avant puis recule pour aller tirer sur l’autre plot""]","[""Triangle pointe arrière""]","[""schemas/exo_232_p83_triangle-pointe-avant.png""]"
cahier-t1-233,83,Change de côté,Physique,Physique,Tous niveaux,8-15 min,Equipe de 3 joueurs avec 2 ballons par groupe,"[""1 change de côté pour aller tirer"", ""Après son tir, 1 change d’axe et de côté puis recommence"", ""Contrats"", ""Premier à X paniers""]",[],"[""schemas/exo_233_p83_change-de-cote.png""]"
cahier-t1-234,83,Passe et cours,Physique,Physique,Tous niveaux,8-15 min,4 joueurs / 1 ballon,"[""1 fait la passe à 2 et va se placer sur son deuxième spot"", ""2 passe à 3 et court se placer sur son deuxième spot…""]",[],"[""schemas/exo_234_p83_passe-et-cours.png""]"
cahier-t1-235,84,Vitesse - 1,Physique,Physique,Tous niveaux,8-15 min,Répartir les joueurs par équipe de 3,"[""Au top départ les joueurs partent pour 20sec de course"", ""Chaque aller-retour complet rapporte des points"", ""Plots Milieu de terrain = 1pts ; Plots ligne de LF = 2pts ; Plots terrain complet = 3pts""]","[""Rajouter des ballons""]","[""schemas/exo_235_p84_vitesse-1.png""]"
cahier-t1-236,84,Vitesse - 2,Physique,Physique,Tous niveaux,8-15 min,2 équipes / 1 ballon par équipe,"[""Sprint, cross devant le plot et stop tir"", ""Prendre son rebond et ramener le ballon"", ""Main à main pour transmettre le ballon au suivant"", ""Maximum de panier en X min""]",[],"[""schemas/exo_236_p84_vitesse-2.png""]"
cahier-t1-237,84,Vitesse - 3,Physique,Physique,Tous niveaux,8-15 min,Répartir les joueurs en 2 équipes / 2x5min,"[""Equipe 1 doit faire le tour des 3 plots et aller marquer"", ""Equipe 2 démarre en même temps, pour aller marquer sur le panier opposé puis revient défendre.""]",[],"[""schemas/exo_237_p84_vitesse-3.png""]"
cahier-t1-238,84,Vitesse - 4,Physique,Physique,Tous niveaux,8-15 min,3 ballons / groupe de 4,"[""1 a 4 dribble pour traverser le terrain"", ""2 court large puis reçoit de 1 pour tirer"", ""On change quand 2 a mis 4 paniers""]",[],"[""schemas/exo_238_p84_vitesse-4.png""]"
cahier-t1-239,85,8 AR -1min,Physique,Physique,Tous niveaux,8-15 min,Tout les joueurs sont alignés sur la ligne de touche,"[""Au top départ les joueurs partent pour 8 allers-retours en - de 1min""]","[""5 AR - 1min""]","[""schemas/exo_239_p85_8-ar-1min.png""]"
cahier-t1-240,85,5 AR - 1min,Physique,Physique,Tous niveaux,8-15 min,Tout les joueurs sont alignés sur la ligne de fond,"[""Au top départ les joueurs partent pour 5 allers-retours en - de 1min""]","[""8 AR - 1min""]","[""schemas/exo_240_p85_5-ar-1min.png""]"
cahier-t1-241,85,4 passes,Physique,Physique,Tous niveaux,8-15 min,1 ballon / 2 joueurs,"[""4 passes pour traverser le terrain"", ""Même chose sur le retour""]",[],"[""schemas/exo_241_p85_4-passes.png""]"
cahier-t1-242,85,4 passes - 2,Physique,Physique,Tous niveaux,8-15 min,1 ballon / 2 attaquants 1 défenseur,"[""1 et 2 se font des passes pour traverser le terrain"", ""D1 doit revenir défendre sur 1 et 2""]",[],"[""schemas/exo_242_p85_4-passes-2.png""]"
